model,backend,precision,crop_mode,num_crops,crop_factors,dataset,num_images,accuracy,fire_precision,fire_recall,fire_f1,fpr,fnr,TP,FP,FN,TN,mean_input_and_metadata_ms,std_input_and_metadata_ms,min_input_and_metadata_ms,max_input_and_metadata_ms,mean_region_validation_ms,std_region_validation_ms,min_region_validation_ms,max_region_validation_ms,mean_crop_extraction_ms,std_crop_extraction_ms,min_crop_extraction_ms,max_crop_extraction_ms,mean_resize_and_preprocess_ms,std_resize_and_preprocess_ms,min_resize_and_preprocess_ms,max_resize_and_preprocess_ms,mean_batch_construction_ms,std_batch_construction_ms,min_batch_construction_ms,max_batch_construction_ms,mean_model_inference_ms,std_model_inference_ms,min_model_inference_ms,max_model_inference_ms,mean_majority_vote_ms,std_majority_vote_ms,min_majority_vote_ms,max_majority_vote_ms,mean_total_ms,std_total_ms,min_total_ms,max_total_ms
alexnet,int8,INT8,crops,1,[1.4142],/home/malat/PycharmProjects/Flame2/Sampled_Seperated_Dataset/IAI_Datasets,2289,86.11,96.21,81.88,88.47,6.01,18.12,1220,48,270,751,0.22,0.029,0.188,0.534,0.005,0.002,0.003,0.058,0.033,0.008,0.024,0.133,1.899,0.983,0.897,19.239,0.822,0.618,0.496,5.031,4.555,0.694,4.032,9.934,0.241,0.05,0.194,0.968,7.991,1.751,6.173,26.318
alexnet,int8,INT8,crops,3,"[1.2247, 1.4142, 2.0]",/home/malat/PycharmProjects/Flame2/Sampled_Seperated_Dataset/IAI_Datasets,2289,86.06,96.21,81.81,88.43,6.01,18.19,1219,48,271,751,0.211,0.019,0.19,0.381,0.004,0.001,0.003,0.048,0.047,0.007,0.039,0.121,4.089,1.84,1.811,17.209,1.159,0.638,0.81,7.015,5.255,0.505,4.899,10.373,0.239,0.04,0.205,0.893,11.39,2.48,8.885,27.31
alexnet,int8,INT8,raw,1,raw,/home/malat/PycharmProjects/Flame2/Sampled_Seperated_Dataset/IAI_Datasets,2289,47.23,91.47,20.87,33.99,3.63,79.13,311,29,1179,770,0.0,0.0,0.0,0.0,0.0,0.0,0.0,0.0,0.0,0.0,0.0,0.0,3.697,1.207,2.856,18.574,0.671,0.436,0.445,4.0,4.453,0.516,3.935,8.771,0.239,0.048,0.199,0.866,9.296,1.666,8.066,25.316
alexnet,pytorch,FP32,crops,1,[1.4142],/home/malat/PycharmProjects/Flame2/Sampled_Seperated_Dataset/IAI_Datasets,2289,86.33,96.52,81.95,88.64,5.51,18.05,1221,44,269,755,0.221,0.035,0.184,0.973,0.005,0.002,0.003,0.048,0.032,0.007,0.023,0.114,1.91,0.929,0.899,9.07,0.83,0.602,0.484,5.254,14.286,1.178,13.584,33.916,1.338,0.438,1.014,3.591,19.583,2.348,17.266,39.437
alexnet,pytorch,FP32,crops,3,"[1.2247, 1.4142, 2.0]",/home/malat/PycharmProjects/Flame2/Sampled_Seperated_Dataset/IAI_Datasets,2289,86.24,96.3,82.01,88.58,5.88,17.99,1222,47,268,752,0.218,0.026,0.189,0.479,0.005,0.011,0.002,0.567,0.049,0.018,0.039,0.663,4.197,1.912,1.804,14.28,1.215,0.718,0.82,7.11,18.05,1.117,17.06,29.36,1.888,0.51,1.208,3.906,26.877,2.887,22.859,41.467
alexnet,pytorch,FP32,raw,1,raw,/home/malat/PycharmProjects/Flame2/Sampled_Seperated_Dataset/IAI_Datasets,2289,47.71,92.46,21.41,34.77,3.25,78.59,319,26,1171,773,0.0,0.0,0.0,0.0,0.0,0.0,0.0,0.0,0.0,0.0,0.0,0.0,4.165,1.471,2.908,18.355,1.093,0.89,0.451,7.763,17.283,5.81,7.204,39.834,1.917,1.385,1.077,9.376,25.498,7.895,12.955,57.752
alexnet,tensorrt,FP16,crops,1,[1.4142],/home/malat/PycharmProjects/Flame2/Sampled_Seperated_Dataset/IAI_Datasets,2289,86.33,96.52,81.95,88.64,5.51,18.05,1221,44,269,755,0.216,0.026,0.183,0.457,0.005,0.002,0.003,0.044,0.032,0.006,0.024,0.116,1.953,1.238,0.833,36.701,0.817,0.615,0.471,4.79,6.594,0.872,6.057,12.154,0.232,0.034,0.192,0.469,10.056,2.069,8.139,44.607
alexnet,tensorrt,FP16,crops,3,"[1.2247, 1.4142, 2.0]",/home/malat/PycharmProjects/Flame2/Sampled_Seperated_Dataset/IAI_Datasets,2289,86.24,96.3,82.01,88.58,5.88,17.99,1222,47,268,752,0.212,0.023,0.189,0.756,0.005,0.002,0.003,0.075,0.047,0.007,0.035,0.134,4.239,2.058,1.856,20.583,1.185,0.664,0.794,6.73,7.492,0.693,7.087,13.437,0.236,0.026,0.208,0.672,13.819,2.709,11.082,33.601
alexnet,tensorrt,FP16,raw,1,raw,/home/malat/PycharmProjects/Flame2/Sampled_Seperated_Dataset/IAI_Datasets,2289,47.71,92.46,21.41,34.77,3.25,78.59,319,26,1171,773,0.0,0.0,0.0,0.0,0.0,0.0,0.0,0.0,0.0,0.0,0.0,0.0,3.692,1.284,2.871,15.737,0.659,0.413,0.46,4.193,6.574,0.735,6.145,12.665,0.235,0.035,0.194,0.489,11.39,1.952,10.066,24.227
mobilenet_v2,int8,INT8,crops,1,[1.4142],/home/malat/PycharmProjects/Flame2/Sampled_Seperated_Dataset/IAI_Datasets,2289,80.03,95.51,72.75,82.59,6.38,27.25,1084,51,406,748,0.215,0.024,0.189,0.506,0.005,0.002,0.003,0.052,0.031,0.005,0.023,0.109,2.198,1.146,0.832,9.625,1.294,1.094,0.472,5.869,4.298,1.046,3.583,10.971,0.26,0.07,0.197,1.011,8.523,2.596,5.679,20.258
mobilenet_v2,int8,INT8,crops,3,"[1.2247, 1.4142, 2.0]",/home/malat/PycharmProjects/Flame2/Sampled_Seperated_Dataset/IAI_Datasets,2289,76.71,89.91,72.35,80.18,15.14,27.65,1078,121,412,678,0.217,0.029,0.189,0.876,0.005,0.002,0.003,0.057,0.049,0.019,0.04,0.677,5.114,2.487,1.749,16.334,1.87,1.467,0.779,9.151,5.924,1.021,5.122,13.148,0.254,0.044,0.207,0.819,13.858,4.178,8.958,33.936
mobilenet_v2,int8,INT8,raw,1,raw,/home/malat/PycharmProjects/Flame2/Sampled_Seperated_Dataset/IAI_Datasets,2289,45.17,80.84,20.67,32.92,9.14,79.33,308,73,1182,726,0.0,0.0,0.0,0.0,0.0,0.0,0.0,0.0,0.0,0.0,0.0,0.0,4.245,1.534,2.86,18.18,1.05,0.821,0.454,5.157,4.28,1.027,3.682,11.154,0.259,0.07,0.205,1.009,10.076,2.648,7.587,27.196
mobilenet_v2,pytorch,FP32,crops,1,[1.4142],/home/malat/PycharmProjects/Flame2/Sampled_Seperated_Dataset/IAI_Datasets,2289,82.09,94.93,76.58,84.77,7.63,23.42,1141,61,349,738,0.222,0.038,0.188,1.139,0.005,0.001,0.003,0.016,0.032,0.012,0.025,0.594,2.138,0.997,0.881,12.266,1.268,1.081,0.493,7.119,19.022,1.938,18.024,97.346,1.545,1.103,1.077,7.659,26.571,3.885,22.96,105.237
mobilenet_v2,pytorch,FP32,crops,3,"[1.2247, 1.4142, 2.0]",/home/malat/PycharmProjects/Flame2/Sampled_Seperated_Dataset/IAI_Datasets,2289,78.9,89.8,76.24,82.47,16.15,23.76,1136,129,354,670,0.221,0.038,0.194,1.114,0.005,0.002,0.003,0.055,0.05,0.009,0.041,0.158,5.284,2.38,1.898,24.274,2.025,1.563,0.811,8.142,28.67,5.469,18.142,52.512,1.583,0.866,1.207,8.047,40.488,7.713,25.275,72.132
mobilenet_v2,pytorch,FP32,raw,1,raw,/home/malat/PycharmProjects/Flame2/Sampled_Seperated_Dataset/IAI_Datasets,2289,45.65,82.37,21.01,33.48,8.39,78.99,313,67,1177,732,0.0,0.0,0.0,0.0,0.0,0.0,0.0,0.0,0.0,0.0,0.0,0.0,4.102,1.401,2.893,14.681,1.026,0.811,0.474,5.51,18.949,1.912,17.901,91.875,1.545,1.072,1.09,7.982,28.021,3.826,24.79,106.132
mobilenet_v2,tensorrt,FP16,crops,1,[1.4142],/home/malat/PycharmProjects/Flame2/Sampled_Seperated_Dataset/IAI_Datasets,2289,82.09,94.93,76.58,84.77,7.63,23.42,1141,61,349,738,0.216,0.033,0.186,1.003,0.004,0.001,0.003,0.045,0.033,0.011,0.024,0.496,2.145,1.066,0.812,16.737,1.279,1.116,0.465,5.754,4.725,1.064,3.914,12.09,0.261,0.063,0.197,0.896,8.889,2.683,6.12,24.383
mobilenet_v2,tensorrt,FP16,crops,3,"[1.2247, 1.4142, 2.0]",/home/malat/PycharmProjects/Flame2/Sampled_Seperated_Dataset/IAI_Datasets,2289,78.86,89.73,76.24,82.44,16.27,23.76,1136,130,354,669,0.215,0.026,0.189,0.627,0.005,0.001,0.003,0.043,0.049,0.009,0.04,0.147,5.185,2.61,1.831,16.387,1.845,1.48,0.785,10.694,7.676,1.371,6.675,17.289,0.248,0.039,0.208,0.701,15.648,4.446,10.45,35.096
mobilenet_v2,tensorrt,FP16,raw,1,raw,/home/malat/PycharmProjects/Flame2/Sampled_Seperated_Dataset/IAI_Datasets,2289,45.65,82.54,20.94,33.4,8.26,79.06,312,66,1178,733,0.0,0.0,0.0,0.0,0.0,0.0,0.0,0.0,0.0,0.0,0.0,0.0,4.059,1.216,2.895,11.129,1.028,0.816,0.447,5.017,4.679,0.938,3.986,12.308,0.261,0.062,0.201,0.901,10.272,2.379,8.039,23.141
resnet18,int8,INT8,crops,1,[1.4142],/home/malat/PycharmProjects/Flame2/Sampled_Seperated_Dataset/IAI_Datasets,2289,83.49,97.44,76.64,85.8,3.75,23.36,1142,30,348,769,0.218,0.035,0.189,1.117,0.004,0.002,0.002,0.065,0.032,0.006,0.023,0.108,2.131,1.128,0.843,13.755,1.215,1.044,0.493,6.5,3.367,0.558,2.941,8.821,0.246,0.071,0.189,0.976,7.436,2.24,5.052,21.057
resnet18,int8,INT8,crops,3,"[1.2247, 1.4142, 2.0]",/home/malat/PycharmProjects/Flame2/Sampled_Seperated_Dataset/IAI_Datasets,2289,81.91,94.61,76.58,84.64,8.14,23.42,1141,65,349,734,0.215,0.029,0.18,0.887,0.005,0.002,0.003,0.068,0.049,0.014,0.039,0.624,5.197,2.736,1.771,25.48,1.868,1.563,0.778,9.75,4.833,1.021,4.096,11.827,0.249,0.049,0.205,0.981,12.844,4.472,7.716,33.389
resnet18,int8,INT8,raw,1,raw,/home/malat/PycharmProjects/Flame2/Sampled_Seperated_Dataset/IAI_Datasets,2289,41.15,87.05,11.28,19.96,3.13,88.72,168,25,1322,774,0.0,0.0,0.0,0.0,0.0,0.0,0.0,0.0,0.0,0.0,0.0,0.0,3.991,1.25,2.896,15.969,0.977,0.787,0.467,4.752,3.382,0.502,2.864,8.583,0.251,0.076,0.196,1.013,8.844,2.056,6.903,22.006
resnet18,pytorch,FP32,crops,1,[1.4142],/home/malat/PycharmProjects/Flame2/Sampled_Seperated_Dataset/IAI_Datasets,2289,84.1,97.15,77.85,86.44,4.26,22.15,1160,34,330,765,0.218,0.033,0.187,0.963,0.005,0.002,0.003,0.066,0.033,0.007,0.025,0.145,2.188,1.087,0.87,8.603,1.256,1.057,0.499,6.862,18.407,4.07,10.18,51.286,1.515,0.977,1.082,7.968,24.978,5.83,14.307,58.955
resnet18,pytorch,FP32,crops,3,"[1.2247, 1.4142, 2.0]",/home/malat/PycharmProjects/Flame2/Sampled_Seperated_Dataset/IAI_Datasets,2289,82.7,94.76,77.72,85.4,8.01,22.28,1158,64,332,735,0.224,0.035,0.199,0.974,0.005,0.002,0.003,0.05,0.05,0.016,0.042,0.674,7.855,2.719,2.013,24.652,4.74,2.006,0.835,14.941,31.811,5.908,15.796,64.109,2.322,0.927,1.227,13.605,48.657,8.221,22.436,99.318
resnet18,pytorch,FP32,raw,1,raw,/home/malat/PycharmProjects/Flame2/Sampled_Seperated_Dataset/IAI_Datasets,2289,41.76,86.51,12.48,21.82,3.63,87.52,186,29,1304,770,0.0,0.0,0.0,0.0,0.0,0.0,0.0,0.0,0.0,0.0,0.0,0.0,3.906,0.947,2.899,11.825,1.132,0.898,0.46,7.436,19.038,5.081,10.073,51.375,1.639,1.238,1.05,9.33,27.086,7.109,15.987,67.191
resnet18,tensorrt,FP16,crops,1,[1.4142],/home/malat/PycharmProjects/Flame2/Sampled_Seperated_Dataset/IAI_Datasets,2289,84.1,97.15,77.85,86.44,4.26,22.15,1160,34,330,765,0.217,0.033,0.183,1.016,0.006,0.011,0.003,0.571,0.033,0.021,0.024,0.644,2.169,0.964,0.841,7.095,1.374,1.172,0.476,8.262,5.076,1.114,4.302,13.796,0.257,0.064,0.198,0.902,9.358,2.658,6.465,23.674
resnet18,tensorrt,FP16,crops,3,"[1.2247, 1.4142, 2.0]",/home/malat/PycharmProjects/Flame2/Sampled_Seperated_Dataset/IAI_Datasets,2289,82.74,94.84,77.72,85.43,7.88,22.28,1158,63,332,736,0.215,0.031,0.187,1.154,0.005,0.001,0.003,0.016,0.048,0.009,0.04,0.218,5.305,2.643,1.777,16.035,1.979,1.555,0.783,8.274,7.893,1.46,6.963,16.444,0.248,0.04,0.207,0.693,16.131,4.74,10.737,36.184
resnet18,tensorrt,FP16,raw,1,raw,/home/malat/PycharmProjects/Flame2/Sampled_Seperated_Dataset/IAI_Datasets,2289,41.76,86.51,12.48,21.82,3.63,87.52,186,29,1304,770,0.0,0.0,0.0,0.0,0.0,0.0,0.0,0.0,0.0,0.0,0.0,0.0,4.276,1.66,2.868,13.887,1.047,0.856,0.447,6.124,5.03,1.011,4.324,11.755,0.257,0.066,0.198,0.987,10.855,2.804,8.362,26.149
resnet34,int8,INT8,crops,1,[1.4142],/home/malat/PycharmProjects/Flame2/Sampled_Seperated_Dataset/IAI_Datasets,2289,85.54,94.54,82.55,88.14,8.89,17.45,1230,71,260,728,0.216,0.029,0.185,0.962,0.005,0.003,0.003,0.074,0.032,0.006,0.025,0.115,2.175,0.981,0.839,6.637,1.359,1.157,0.482,7.661,5.089,1.064,4.247,11.725,0.258,0.063,0.195,0.895,9.359,2.643,6.369,21.151
resnet34,int8,INT8,crops,3,"[1.2247, 1.4142, 2.0]",/home/malat/PycharmProjects/Flame2/Sampled_Seperated_Dataset/IAI_Datasets,2289,83.09,90.76,82.42,86.39,15.64,17.58,1228,125,262,674,0.216,0.025,0.189,0.454,0.005,0.002,0.003,0.054,0.048,0.008,0.04,0.142,5.141,2.498,1.785,22.387,1.839,1.487,0.767,10.271,7.044,1.312,6.184,15.119,0.256,0.042,0.217,0.589,14.968,4.274,10.0,34.997
resnet34,int8,INT8,raw,1,raw,/home/malat/PycharmProjects/Flame2/Sampled_Seperated_Dataset/IAI_Datasets,2289,54.48,90.73,33.49,48.92,6.38,66.51,499,51,991,748,0.0,0.0,0.0,0.0,0.0,0.0,0.0,0.0,0.0,0.0,0.0,0.0,4.393,1.741,2.88,14.305,1.063,0.839,0.463,4.951,5.065,1.018,4.322,12.165,0.258,0.062,0.202,1.172,11.029,2.812,8.34,26.07
resnet34,pytorch,FP32,crops,1,[1.4142],/home/malat/PycharmProjects/Flame2/Sampled_Seperated_Dataset/IAI_Datasets,2289,86.24,94.34,83.89,88.81,9.39,16.11,1250,75,240,724,0.223,0.027,0.196,0.53,0.005,0.003,0.003,0.151,0.033,0.007,0.026,0.135,2.072,0.881,0.885,7.599,1.227,1.024,0.515,6.035,33.421,6.43,18.438,63.125,1.756,0.741,1.104,7.255,40.382,7.548,22.919,72.621
resnet34,pytorch,FP32,crops,3,"[1.2247, 1.4142, 2.0]",/home/malat/PycharmProjects/Flame2/Sampled_Seperated_Dataset/IAI_Datasets,2289,84.23,90.94,84.16,87.42,15.64,15.84,1254,125,236,674,0.22,0.032,0.191,0.923,0.004,0.001,0.003,0.033,0.05,0.011,0.041,0.431,4.904,2.346,1.864,18.035,1.766,1.386,0.812,8.009,45.519,8.613,30.939,73.215,1.899,0.786,1.237,6.985,56.197,10.236,38.463,94.72
resnet34,pytorch,FP32,raw,1,raw,/home/malat/PycharmProjects/Flame2/Sampled_Seperated_Dataset/IAI_Datasets,2289,55.48,90.39,35.37,50.84,7.01,64.63,527,56,963,743,0.0,0.0,0.0,0.0,0.0,0.0,0.0,0.0,0.0,0.0,0.0,0.0,4.153,1.61,2.897,14.046,1.015,0.797,0.476,6.889,33.273,6.196,18.149,62.452,1.703,0.782,1.088,7.447,41.88,7.474,24.626,74.154
resnet34,tensorrt,FP16,crops,1,[1.4142],/home/malat/PycharmProjects/Flame2/Sampled_Seperated_Dataset/IAI_Datasets,2289,86.19,94.34,83.83,88.77,9.39,16.17,1249,75,241,724,0.216,0.034,0.183,0.959,0.006,0.002,0.003,0.063,0.032,0.021,0.024,0.618,2.152,1.138,0.826,14.938,1.262,1.084,0.473,6.018,7.234,1.459,6.319,16.124,0.252,0.051,0.199,0.727,11.376,2.895,8.343,31.141
resnet34,tensorrt,FP16,crops,3,"[1.2247, 1.4142, 2.0]",/home/malat/PycharmProjects/Flame2/Sampled_Seperated_Dataset/IAI_Datasets,2289,84.19,90.93,84.09,87.38,15.64,15.91,1253,125,237,674,0.219,0.036,0.187,0.985,0.005,0.003,0.003,0.063,0.05,0.023,0.041,0.688,5.104,2.599,1.805,16.411,1.845,1.475,0.802,9.808,12.336,2.388,6.59,28.201,0.262,0.058,0.212,0.833,20.243,5.271,14.777,46.64
resnet34,tensorrt,FP16,raw,1,raw,/home/malat/PycharmProjects/Flame2/Sampled_Seperated_Dataset/IAI_Datasets,2289,55.44,90.24,35.37,50.82,7.13,64.63,527,57,963,742,0.0,0.0,0.0,0.0,0.0,0.0,0.0,0.0,0.0,0.0,0.0,0.0,4.215,1.635,2.892,14.015,1.006,0.809,0.44,4.859,7.257,1.392,6.425,15.941,0.255,0.055,0.201,0.863,12.976,3.057,10.4,29.995
resnet50,int8,INT8,crops,1,[1.4142],/home/malat/PycharmProjects/Flame2/Sampled_Seperated_Dataset/IAI_Datasets,2289,83.88,96.75,77.85,86.28,4.88,22.15,1160,39,330,760,0.215,0.035,0.188,1.04,0.005,0.002,0.003,0.067,0.032,0.006,0.026,0.145,2.324,1.279,0.844,10.504,1.35,1.159,0.489,9.993,6.153,1.2,5.291,13.645,0.256,0.062,0.199,0.904,10.56,2.895,7.521,24.095
resnet50,int8,INT8,crops,3,"[1.2247, 1.4142, 2.0]",/home/malat/PycharmProjects/Flame2/Sampled_Seperated_Dataset/IAI_Datasets,2289,81.3,92.41,77.65,84.39,11.89,22.35,1157,95,333,704,0.218,0.031,0.19,0.983,0.005,0.002,0.003,0.046,0.049,0.01,0.04,0.223,5.136,2.653,1.854,20.306,1.861,1.498,0.779,11.413,9.602,1.767,8.533,19.2,0.251,0.045,0.211,0.98,17.551,4.797,12.495,42.463
resnet50,int8,INT8,raw,1,raw,/home/malat/PycharmProjects/Flame2/Sampled_Seperated_Dataset/IAI_Datasets,2289,45.83,95.29,17.65,29.78,1.63,82.35,263,13,1227,786,0.0,0.0,0.0,0.0,0.0,0.0,0.0,0.0,0.0,0.0,0.0,0.0,4.28,1.68,2.872,15.487,1.051,0.839,0.428,5.388,6.159,1.196,5.342,14.175,0.257,0.057,0.201,0.832,11.991,2.922,9.336,27.885
resnet50,pytorch,FP32,crops,1,[1.4142],/home/malat/PycharmProjects/Flame2/Sampled_Seperated_Dataset/IAI_Datasets,2289,83.62,95.96,78.12,86.13,6.13,21.88,1164,49,326,750,0.22,0.034,0.194,0.97,0.005,0.003,0.003,0.142,0.033,0.006,0.025,0.102,2.107,1.01,0.868,16.246,1.228,1.031,0.487,6.857,35.085,6.388,21.758,105.336,1.54,0.77,1.108,7.807,42.114,7.654,26.823,112.11
resnet50,pytorch,FP32,crops,3,"[1.2247, 1.4142, 2.0]",/home/malat/PycharmProjects/Flame2/Sampled_Seperated_Dataset/IAI_Datasets,2289,80.95,91.37,78.12,84.23,13.77,21.88,1164,110,326,689,0.216,0.022,0.188,0.627,0.004,0.001,0.003,0.049,0.048,0.012,0.04,0.426,4.805,2.228,1.868,15.973,1.674,1.291,0.819,10.063,53.958,9.229,43.273,88.688,1.721,0.737,1.213,7.72,64.403,10.473,50.269,101.125
resnet50,pytorch,FP32,raw,1,raw,/home/malat/PycharmProjects/Flame2/Sampled_Seperated_Dataset/IAI_Datasets,2289,46.4,94.88,18.66,31.18,1.88,81.34,278,15,1212,784,0.0,0.0,0.0,0.0,0.0,0.0,0.0,0.0,0.0,0.0,0.0,0.0,4.718,2.211,2.911,14.949,1.04,0.787,0.481,5.283,35.246,5.619,21.483,102.545,1.56,0.804,1.111,8.004,44.529,7.375,28.104,113.692
resnet50,tensorrt,FP16,crops,1,[1.4142],/home/malat/PycharmProjects/Flame2/Sampled_Seperated_Dataset/IAI_Datasets,2289,83.66,95.96,78.19,86.17,6.13,21.81,1165,49,325,750,0.217,0.041,0.187,1.198,0.005,0.001,0.003,0.041,0.032,0.006,0.024,0.093,2.083,1.065,0.829,16.668,1.181,1.042,0.478,6.234,9.147,1.757,7.978,19.715,0.248,0.041,0.2,0.585,13.14,3.181,10.174,30.537
resnet50,tensorrt,FP16,crops,3,"[1.2247, 1.4142, 2.0]",/home/malat/PycharmProjects/Flame2/Sampled_Seperated_Dataset/IAI_Datasets,2289,80.91,91.36,78.05,84.18,13.77,21.95,1163,110,327,689,0.215,0.035,0.186,0.988,0.005,0.001,0.003,0.018,0.049,0.009,0.042,0.212,5.336,2.612,1.821,20.085,1.942,1.562,0.786,8.339,17.243,3.937,8.592,38.008,0.306,0.097,0.213,1.598,25.536,6.573,12.806,54.668
resnet50,tensorrt,FP16,raw,1,raw,/home/malat/PycharmProjects/Flame2/Sampled_Seperated_Dataset/IAI_Datasets,2289,46.35,94.86,18.59,31.09,1.88,81.41,277,15,1213,784,0.0,0.0,0.0,0.0,0.0,0.0,0.0,0.0,0.0,0.0,0.0,0.0,4.021,1.308,2.883,12.656,1.031,0.834,0.458,5.074,9.186,1.738,8.094,19.348,0.254,0.047,0.203,0.78,14.734,3.087,12.211,31.643
vgg16,int8,INT8,crops,1,[1.4142],/home/malat/PycharmProjects/Flame2/Sampled_Seperated_Dataset/IAI_Datasets,2289,89.21,97.12,85.97,91.21,4.76,14.03,1281,38,209,761,0.217,0.03,0.187,0.699,0.005,0.002,0.003,0.061,0.032,0.013,0.024,0.614,2.259,1.332,0.856,11.201,1.25,1.112,0.478,6.88,12.034,2.739,5.815,27.942,0.245,0.054,0.19,0.97,16.268,4.347,11.641,37.226
vgg16,int8,INT8,crops,3,"[1.2247, 1.4142, 2.0]",/home/malat/PycharmProjects/Flame2/Sampled_Seperated_Dataset/IAI_Datasets,2289,88.03,95.24,85.91,90.33,8.01,14.09,1280,64,210,735,0.217,0.032,0.189,0.835,0.005,0.002,0.003,0.057,0.048,0.009,0.04,0.221,5.289,2.712,1.844,19.163,1.842,1.448,0.779,11.128,22.808,5.121,10.388,47.494,0.349,0.08,0.209,0.934,31.001,7.39,14.474,63.706
vgg16,int8,INT8,raw,1,raw,/home/malat/PycharmProjects/Flame2/Sampled_Seperated_Dataset/IAI_Datasets,2289,50.02,91.39,25.64,40.04,4.51,74.36,382,36,1108,763,0.0,0.0,0.0,0.0,0.0,0.0,0.0,0.0,0.0,0.0,0.0,0.0,3.997,1.251,2.886,13.791,0.997,0.807,0.437,5.157,12.0,2.582,6.02,27.808,0.257,0.061,0.198,1.17,17.495,3.842,10.679,40.587
vgg16,pytorch,FP32,crops,1,[1.4142],/home/malat/PycharmProjects/Flame2/Sampled_Seperated_Dataset/IAI_Datasets,2289,90.0,97.09,87.25,91.91,4.88,12.75,1300,39,190,760,0.216,0.024,0.192,0.642,0.005,0.002,0.002,0.046,0.032,0.005,0.024,0.122,2.076,0.89,0.912,8.233,1.194,0.907,0.49,5.419,51.647,8.781,39.711,93.44,1.669,0.788,1.097,7.371,57.877,9.59,44.114,108.336
vgg16,pytorch,FP32,crops,3,"[1.2247, 1.4142, 2.0]",/home/malat/PycharmProjects/Flame2/Sampled_Seperated_Dataset/IAI_Datasets,2289,88.95,95.38,87.25,91.13,7.88,12.75,1300,63,190,736,0.224,0.036,0.198,0.648,0.005,0.001,0.003,0.045,0.051,0.019,0.041,0.438,5.173,2.394,1.837,19.268,2.021,1.687,0.82,9.481,92.042,9.882,74.677,129.997,2.154,0.756,1.301,7.389,103.053,11.078,82.34,142.753
vgg16,pytorch,FP32,raw,1,raw,/home/malat/PycharmProjects/Flame2/Sampled_Seperated_Dataset/IAI_Datasets,2289,52.77,92.34,29.93,45.21,4.63,70.07,446,37,1044,762,0.0,0.0,0.0,0.0,0.0,0.0,0.0,0.0,0.0,0.0,0.0,0.0,4.227,1.348,2.885,11.685,1.08,0.762,0.475,7.225,53.895,9.781,38.219,312.175,1.742,0.868,1.116,7.566,62.069,10.63,44.69,322.926
vgg16,tensorrt,FP16,crops,1,[1.4142],/home/malat/PycharmProjects/Flame2/Sampled_Seperated_Dataset/IAI_Datasets,2289,89.95,97.09,87.18,91.87,4.88,12.82,1299,39,191,760,0.224,0.051,0.184,0.975,0.005,0.013,0.003,0.638,0.033,0.007,0.025,0.114,2.287,1.056,0.837,11.092,1.481,1.201,0.474,8.408,26.474,7.204,10.634,61.114,0.367,0.085,0.212,1.256,31.112,8.235,13.003,68.357
vgg16,tensorrt,FP16,crops,3,"[1.2247, 1.4142, 2.0]",/home/malat/PycharmProjects/Flame2/Sampled_Seperated_Dataset/IAI_Datasets,2289,88.99,95.38,87.32,91.17,7.88,12.68,1301,63,189,736,0.22,0.031,0.192,0.66,0.005,0.002,0.003,0.08,0.049,0.012,0.04,0.397,5.037,2.42,1.826,20.651,1.888,1.507,0.773,12.317,39.696,6.218,19.94,75.388,0.31,0.065,0.216,0.8,47.63,8.015,25.522,91.442
vgg16,tensorrt,FP16,raw,1,raw,/home/malat/PycharmProjects/Flame2/Sampled_Seperated_Dataset/IAI_Datasets,2289,52.77,92.34,29.93,45.21,4.63,70.07,446,37,1044,762,0.0,0.0,0.0,0.0,0.0,0.0,0.0,0.0,0.0,0.0,0.0,0.0,4.179,1.221,2.868,13.567,1.138,0.824,0.463,6.071,26.12,7.03,10.697,55.997,0.365,0.083,0.205,1.073,32.073,7.957,14.892,66.883
