image,folder,true_label,error_type
img_000013.jpg,Fire,1,FN
img_000022.jpg,Fire,1,FN
img_000037.jpg,Fire,1,FN
img_000040.jpg,Fire,1,FN
img_000043.jpg,Fire,1,FN
img_000046.jpg,Fire,1,FN
img_000049.jpg,Fire,1,FN
img_000052.jpg,Fire,1,FN
img_000055.jpg,Fire,1,FN
img_000058.jpg,Fire,1,FN
img_000061.jpg,Fire,1,FN
img_000064.jpg,Fire,1,FN
img_000067.jpg,Fire,1,FN
img_000070.jpg,Fire,1,FN
img_000073.jpg,Fire,1,FN
img_000076.jpg,Fire,1,FN
img_000079.jpg,Fire,1,FN
img_000082.jpg,Fire,1,FN
img_000085.jpg,Fire,1,FN
img_000088.jpg,Fire,1,FN
img_000091.jpg,Fire,1,FN
img_000094.jpg,Fire,1,FN
img_000097.jpg,Fire,1,FN
img_000100.jpg,Fire,1,FN
img_000103.jpg,Fire,1,FN
img_000106.jpg,Fire,1,FN
img_000112.jpg,Fire,1,FN
img_000115.jpg,Fire,1,FN
img_000118.jpg,Fire,1,FN
img_000121.jpg,Fire,1,FN
img_000124.jpg,Fire,1,FN
img_000127.jpg,Fire,1,FN
img_000130.jpg,Fire,1,FN
img_000133.jpg,Fire,1,FN
img_000136.jpg,Fire,1,FN
img_000139.jpg,Fire,1,FN
img_000142.jpg,Fire,1,FN
img_000145.jpg,Fire,1,FN
img_000148.jpg,Fire,1,FN
img_000151.jpg,Fire,1,FN
img_000154.jpg,Fire,1,FN
img_000157.jpg,Fire,1,FN
img_000160.jpg,Fire,1,FN
img_000163.jpg,Fire,1,FN
img_000166.jpg,Fire,1,FN
img_000169.jpg,Fire,1,FN
img_000262.jpg,Fire,1,FN
img_000271.jpg,Fire,1,FN
img_000288.jpg,Fire,1,FN
img_000291.jpg,Fire,1,FN
img_000294.jpg,Fire,1,FN
img_000312.jpg,Fire,1,FN
img_000315.jpg,Fire,1,FN
img_000321.jpg,Fire,1,FN
img_000324.jpg,Fire,1,FN
img_000327.jpg,Fire,1,FN
img_000330.jpg,Fire,1,FN
img_000333.jpg,Fire,1,FN
img_000336.jpg,Fire,1,FN
img_000339.jpg,Fire,1,FN
img_000342.jpg,Fire,1,FN
img_000345.jpg,Fire,1,FN
img_000348.jpg,Fire,1,FN
img_000351.jpg,Fire,1,FN
img_000354.jpg,Fire,1,FN
img_000357.jpg,Fire,1,FN
img_000360.jpg,Fire,1,FN
img_000363.jpg,Fire,1,FN
img_000366.jpg,Fire,1,FN
img_000369.jpg,Fire,1,FN
img_000372.jpg,Fire,1,FN
img_000471.jpg,Fire,1,FN
img_000513.jpg,Fire,1,FN
img_000583.jpg,Fire,1,FN
img_000586.jpg,Fire,1,FN
img_000589.jpg,Fire,1,FN
img_000592.jpg,Fire,1,FN
img_000595.jpg,Fire,1,FN
img_000598.jpg,Fire,1,FN
img_000616.jpg,Fire,1,FN
img_000619.jpg,Fire,1,FN
img_000622.jpg,Fire,1,FN
img_000625.jpg,Fire,1,FN
img_000628.jpg,Fire,1,FN
img_000631.jpg,Fire,1,FN
img_000634.jpg,Fire,1,FN
img_000637.jpg,Fire,1,FN
img_000640.jpg,Fire,1,FN
img_000643.jpg,Fire,1,FN
img_000646.jpg,Fire,1,FN
img_000649.jpg,Fire,1,FN
img_000652.jpg,Fire,1,FN
img_000655.jpg,Fire,1,FN
img_000658.jpg,Fire,1,FN
img_000661.jpg,Fire,1,FN
img_000664.jpg,Fire,1,FN
img_000667.jpg,Fire,1,FN
img_000670.jpg,Fire,1,FN
img_000673.jpg,Fire,1,FN
img_000676.jpg,Fire,1,FN
img_000679.jpg,Fire,1,FN
img_000682.jpg,Fire,1,FN
img_000685.jpg,Fire,1,FN
img_000688.jpg,Fire,1,FN
img_000691.jpg,Fire,1,FN
img_000694.jpg,Fire,1,FN
img_000697.jpg,Fire,1,FN
img_000700.jpg,Fire,1,FN
img_000703.jpg,Fire,1,FN
img_000706.jpg,Fire,1,FN
img_000709.jpg,Fire,1,FN
img_000730.jpg,Fire,1,FN
img_000733.jpg,Fire,1,FN
img_000736.jpg,Fire,1,FN
img_000739.jpg,Fire,1,FN
img_000742.jpg,Fire,1,FN
img_000745.jpg,Fire,1,FN
img_000748.jpg,Fire,1,FN
img_000751.jpg,Fire,1,FN
img_000781.jpg,Fire,1,FN
img_000784.jpg,Fire,1,FN
img_000787.jpg,Fire,1,FN
img_000790.jpg,Fire,1,FN
img_000796.jpg,Fire,1,FN
img_000802.jpg,Fire,1,FN
img_000805.jpg,Fire,1,FN
img_000808.jpg,Fire,1,FN
img_000814.jpg,Fire,1,FN
img_000817.jpg,Fire,1,FN
img_000823.jpg,Fire,1,FN
img_000826.jpg,Fire,1,FN
img_000847.jpg,Fire,1,FN
img_000850.jpg,Fire,1,FN
img_000853.jpg,Fire,1,FN
img_000859.jpg,Fire,1,FN
img_000862.jpg,Fire,1,FN
img_000865.jpg,Fire,1,FN
img_000868.jpg,Fire,1,FN
img_000871.jpg,Fire,1,FN
img_000874.jpg,Fire,1,FN
img_000877.jpg,Fire,1,FN
img_000880.jpg,Fire,1,FN
img_000883.jpg,Fire,1,FN
img_000886.jpg,Fire,1,FN
img_000889.jpg,Fire,1,FN
img_000892.jpg,Fire,1,FN
img_000895.jpg,Fire,1,FN
img_000898.jpg,Fire,1,FN
img_000901.jpg,Fire,1,FN
img_000904.jpg,Fire,1,FN
img_000907.jpg,Fire,1,FN
img_000910.jpg,Fire,1,FN
img_000913.jpg,Fire,1,FN
img_000916.jpg,Fire,1,FN
img_000919.jpg,Fire,1,FN
img_000922.jpg,Fire,1,FN
img_001039.jpg,Fire,1,FN
img_001054.jpg,Fire,1,FN
img_001057.jpg,Fire,1,FN
img_001063.jpg,Fire,1,FN
img_001066.jpg,Fire,1,FN
img_001069.jpg,Fire,1,FN
img_001072.jpg,Fire,1,FN
img_001075.jpg,Fire,1,FN
img_001078.jpg,Fire,1,FN
img_001081.jpg,Fire,1,FN
img_001084.jpg,Fire,1,FN
img_001087.jpg,Fire,1,FN
img_001090.jpg,Fire,1,FN
img_001093.jpg,Fire,1,FN
img_001096.jpg,Fire,1,FN
img_001126.jpg,Fire,1,FN
img_001129.jpg,Fire,1,FN
img_001132.jpg,Fire,1,FN
img_001135.jpg,Fire,1,FN
img_001138.jpg,Fire,1,FN
img_001141.jpg,Fire,1,FN
img_001144.jpg,Fire,1,FN
img_001147.jpg,Fire,1,FN
img_001150.jpg,Fire,1,FN
img_001153.jpg,Fire,1,FN
img_001156.jpg,Fire,1,FN
img_001159.jpg,Fire,1,FN
img_001399.jpg,Fire,1,FN
img_001420.jpg,Fire,1,FN
img_001423.jpg,Fire,1,FN
img_001426.jpg,Fire,1,FN
img_001429.jpg,Fire,1,FN
img_001432.jpg,Fire,1,FN
img_001435.jpg,Fire,1,FN
img_002281.jpg,Fire,1,FN
img_002284.jpg,Fire,1,FN
img_002287.jpg,Fire,1,FN
img_002290.jpg,Fire,1,FN
img_002293.jpg,Fire,1,FN
img_002302.jpg,Fire,1,FN
img_002311.jpg,Fire,1,FN
img_002323.jpg,Fire,1,FN
img_002326.jpg,Fire,1,FN
img_002329.jpg,Fire,1,FN
img_002332.jpg,Fire,1,FN
img_002335.jpg,Fire,1,FN
img_002338.jpg,Fire,1,FN
img_002341.jpg,Fire,1,FN
img_002344.jpg,Fire,1,FN
img_002347.jpg,Fire,1,FN
img_002350.jpg,Fire,1,FN
img_002353.jpg,Fire,1,FN
img_002356.jpg,Fire,1,FN
img_002359.jpg,Fire,1,FN
img_002362.jpg,Fire,1,FN
img_002365.jpg,Fire,1,FN
img_002368.jpg,Fire,1,FN
img_002371.jpg,Fire,1,FN
img_002374.jpg,Fire,1,FN
img_002377.jpg,Fire,1,FN
img_002380.jpg,Fire,1,FN
img_002383.jpg,Fire,1,FN
img_002386.jpg,Fire,1,FN
img_002389.jpg,Fire,1,FN
img_002392.jpg,Fire,1,FN
img_002395.jpg,Fire,1,FN
img_002398.jpg,Fire,1,FN
img_002401.jpg,Fire,1,FN
img_002404.jpg,Fire,1,FN
img_002407.jpg,Fire,1,FN
img_002410.jpg,Fire,1,FN
img_002413.jpg,Fire,1,FN
img_002416.jpg,Fire,1,FN
img_002419.jpg,Fire,1,FN
img_002422.jpg,Fire,1,FN
img_002425.jpg,Fire,1,FN
img_002428.jpg,Fire,1,FN
img_002431.jpg,Fire,1,FN
img_002434.jpg,Fire,1,FN
img_002437.jpg,Fire,1,FN
img_002440.jpg,Fire,1,FN
img_002443.jpg,Fire,1,FN
img_002446.jpg,Fire,1,FN
img_002452.jpg,Fire,1,FN
img_002455.jpg,Fire,1,FN
img_002458.jpg,Fire,1,FN
img_002461.jpg,Fire,1,FN
img_002467.jpg,Fire,1,FN
img_002470.jpg,Fire,1,FN
img_002554.jpg,Fire,1,FN
img_002875.jpg,Fire,1,FN
img_002974.jpg,Fire,1,FN
img_002977.jpg,Fire,1,FN
img_002980.jpg,Fire,1,FN
img_002983.jpg,Fire,1,FN
img_002989.jpg,Fire,1,FN
img_003037.jpg,Fire,1,FN
img_003223.jpg,Fire,1,FN
img_003226.jpg,Fire,1,FN
img_003547.jpg,Fire,1,FN
img_003784.jpg,Fire,1,FN
img_003787.jpg,Fire,1,FN
img_003790.jpg,Fire,1,FN
img_003793.jpg,Fire,1,FN
img_003796.jpg,Fire,1,FN
img_003799.jpg,Fire,1,FN
img_003802.jpg,Fire,1,FN
img_003805.jpg,Fire,1,FN
img_003808.jpg,Fire,1,FN
img_003811.jpg,Fire,1,FN
img_003814.jpg,Fire,1,FN
img_003817.jpg,Fire,1,FN
img_003820.jpg,Fire,1,FN
img_003823.jpg,Fire,1,FN
img_003826.jpg,Fire,1,FN
img_003829.jpg,Fire,1,FN
img_003832.jpg,Fire,1,FN
img_003835.jpg,Fire,1,FN
img_003838.jpg,Fire,1,FN
img_003844.jpg,Fire,1,FN
img_003847.jpg,Fire,1,FN
img_003850.jpg,Fire,1,FN
img_003853.jpg,Fire,1,FN
img_003856.jpg,Fire,1,FN
img_003859.jpg,Fire,1,FN
img_003862.jpg,Fire,1,FN
img_003865.jpg,Fire,1,FN
img_003868.jpg,Fire,1,FN
img_003871.jpg,Fire,1,FN
img_003874.jpg,Fire,1,FN
img_003877.jpg,Fire,1,FN
img_003880.jpg,Fire,1,FN
img_003883.jpg,Fire,1,FN
img_003886.jpg,Fire,1,FN
img_003889.jpg,Fire,1,FN
img_003892.jpg,Fire,1,FN
img_003895.jpg,Fire,1,FN
img_003901.jpg,Fire,1,FN
img_003904.jpg,Fire,1,FN
img_003934.jpg,Fire,1,FN
img_004126.jpg,Fire,1,FN
img_005401.jpg,Fire,1,FN
img_005404.jpg,Fire,1,FN
img_005407.jpg,Fire,1,FN
img_005410.jpg,Fire,1,FN
img_005413.jpg,Fire,1,FN
img_005416.jpg,Fire,1,FN
