model,backend,precision,crop_mode,num_crops,crop_factors,dataset,num_images,accuracy,fire_precision,fire_recall,fire_f1,fpr,fnr,TP,FP,FN,TN,mean_input_and_metadata_ms,std_input_and_metadata_ms,min_input_and_metadata_ms,max_input_and_metadata_ms,mean_region_validation_ms,std_region_validation_ms,min_region_validation_ms,max_region_validation_ms,mean_crop_extraction_ms,std_crop_extraction_ms,min_crop_extraction_ms,max_crop_extraction_ms,mean_resize_and_preprocess_ms,std_resize_and_preprocess_ms,min_resize_and_preprocess_ms,max_resize_and_preprocess_ms,mean_batch_construction_ms,std_batch_construction_ms,min_batch_construction_ms,max_batch_construction_ms,mean_model_inference_ms,std_model_inference_ms,min_model_inference_ms,max_model_inference_ms,mean_majority_vote_ms,std_majority_vote_ms,min_majority_vote_ms,max_majority_vote_ms,mean_total_ms,std_total_ms,min_total_ms,max_total_ms,dataset_folder,run_folder
vgg16,int8,INT8,raw,1,raw,/home/malat/PycharmProjects/Flame2/Sampled_Seperated_Dataset/FireSmokeDataset,6133,67.49,99.29,59.81,74.65,1.72,40.19,2936,21,1973,1203,0.0,0.0,0.0,0.0,0.0,0.0,0.0,0.0,0.0,0.0,0.0,0.0,4.132,0.862,3.023,17.435,1.229,0.94,0.487,6.563,14.296,4.737,5.984,28.463,0.313,0.055,0.208,1.019,20.264,5.354,10.393,39.656,FireSmokeDataset,vgg16_int8_raw
alexnet,tensorrt,FP16,raw,1,raw,/home/malat/PycharmProjects/Flame2/Sampled_Seperated_Dataset/FireSmokeDataset,6133,84.31,97.5,82.52,89.39,8.5,17.48,4051,104,858,1120,0.0,0.0,0.0,0.0,0.0,0.0,0.0,0.0,0.0,0.0,0.0,0.0,3.423,0.628,2.881,13.86,0.658,0.331,0.482,3.333,6.676,1.114,5.983,19.562,0.244,0.034,0.2,0.715,11.238,1.736,9.932,27.176,FireSmokeDataset,alexnet_tensorrt_raw
resnet34,tensorrt,FP16,crops,1,[1.4142],/home/malat/PycharmProjects/Flame2/Sampled_Seperated_Dataset/FireSmokeDataset,6133,97.91,98.68,98.72,98.7,5.31,1.28,4846,65,63,1159,0.236,0.058,0.188,0.978,0.005,0.008,0.003,0.569,0.035,0.012,0.025,0.492,1.921,0.901,0.807,6.796,1.131,0.905,0.477,7.507,7.352,1.603,4.023,19.574,0.268,0.077,0.202,1.615,11.173,2.707,6.684,27.467,FireSmokeDataset,resnet34_tensorrt_crops1
resnet50,int8,INT8,crops,1,[1.4142],/home/malat/PycharmProjects/Flame2/Sampled_Seperated_Dataset/FireSmokeDataset,6133,98.86,99.67,98.9,99.28,1.31,1.1,4855,16,54,1208,0.221,0.049,0.181,1.022,0.005,0.002,0.003,0.043,0.033,0.011,0.023,0.421,1.892,0.84,0.8,6.546,1.126,0.929,0.481,8.391,6.079,1.191,5.258,15.703,0.25,0.06,0.2,0.929,9.824,2.389,7.574,24.802,FireSmokeDataset,resnet50_int8_crops1
resnet18,tensorrt,FP16,crops,1,[1.4142],/home/malat/PycharmProjects/Flame2/Sampled_Seperated_Dataset/FireSmokeDataset,6133,98.71,99.29,99.1,99.19,2.86,0.9,4865,35,44,1189,0.213,0.047,0.175,1.143,0.005,0.002,0.002,0.054,0.032,0.013,0.022,0.621,1.862,0.839,0.843,6.943,1.128,0.942,0.467,7.088,5.01,1.088,4.248,12.161,0.241,0.063,0.196,1.273,8.712,2.312,6.501,21.379,FireSmokeDataset,resnet18_tensorrt_crops1
vgg16,pytorch,FP32,raw,1,raw,/home/malat/PycharmProjects/Flame2/Sampled_Seperated_Dataset/FireSmokeDataset,6133,68.32,99.11,60.97,75.5,2.21,39.03,2993,27,1916,1197,0.0,0.0,0.0,0.0,0.0,0.0,0.0,0.0,0.0,0.0,0.0,0.0,4.066,0.772,3.072,11.874,1.595,1.073,0.514,7.467,39.912,4.84,35.623,226.062,1.774,0.215,1.14,7.661,48.719,5.099,42.597,238.368,FireSmokeDataset,vgg16_pytorch_raw
vgg16,pytorch,FP32,crops,1,[1.4142],/home/malat/PycharmProjects/Flame2/Sampled_Seperated_Dataset/FireSmokeDataset,6133,98.52,99.45,98.7,99.07,2.21,1.3,4845,27,64,1197,0.281,0.05,0.2,2.07,0.006,0.003,0.003,0.1,0.044,0.012,0.026,0.415,2.583,1.266,0.886,12.919,2.216,1.737,0.566,15.539,42.304,7.474,35.703,298.791,2.108,0.777,1.229,10.103,50.878,9.115,40.905,304.694,FireSmokeDataset,vgg16_pytorch_crops1
resnet50,pytorch,FP32,crops,1,[1.4142],/home/malat/PycharmProjects/Flame2/Sampled_Seperated_Dataset/FireSmokeDataset,6133,98.79,99.69,98.8,99.24,1.23,1.2,4850,15,59,1209,0.217,0.018,0.182,0.432,0.004,0.002,0.002,0.054,0.033,0.006,0.025,0.13,1.785,0.779,0.823,5.232,1.009,0.782,0.478,5.726,25.12,4.036,20.859,109.085,1.397,0.796,1.003,6.507,31.256,4.868,25.508,115.54,FireSmokeDataset,resnet50_pytorch_crops1
resnet50,tensorrt,FP16,raw,1,raw,/home/malat/PycharmProjects/Flame2/Sampled_Seperated_Dataset/FireSmokeDataset,6133,72.74,99.45,66.31,79.56,1.47,33.69,3255,18,1654,1206,0.0,0.0,0.0,0.0,0.0,0.0,0.0,0.0,0.0,0.0,0.0,0.0,5.402,1.3,2.945,14.506,1.222,0.79,0.482,6.099,11.213,3.082,4.883,24.498,0.351,0.083,0.209,1.27,18.507,4.296,8.959,35.332,FireSmokeDataset,resnet50_tensorrt_raw
mobilenet_v2,pytorch,FP32,crops,1,[1.4142],/home/malat/PycharmProjects/Flame2/Sampled_Seperated_Dataset/FireSmokeDataset,6133,98.08,99.08,98.51,98.79,3.68,1.49,4836,45,73,1179,0.216,0.032,0.191,0.931,0.005,0.002,0.002,0.081,0.031,0.007,0.024,0.309,1.846,0.831,0.803,7.437,1.142,0.959,0.481,6.784,19.492,2.012,17.905,88.879,2.491,1.991,1.04,8.179,27.433,3.919,22.801,96.439,FireSmokeDataset,mobilenet_v2_pytorch_crops1
resnet34,pytorch,FP32,raw,1,raw,/home/malat/PycharmProjects/Flame2/Sampled_Seperated_Dataset/FireSmokeDataset,6133,78.35,98.75,73.88,84.53,3.76,26.12,3627,46,1282,1178,0.0,0.0,0.0,0.0,0.0,0.0,0.0,0.0,0.0,0.0,0.0,0.0,4.293,1.219,2.928,15.935,1.582,1.23,0.482,11.373,26.218,5.67,18.123,105.907,1.82,1.105,1.077,7.728,35.552,7.31,24.452,116.219,FireSmokeDataset,resnet34_pytorch_raw
vgg16,tensorrt,FP16,raw,1,raw,/home/malat/PycharmProjects/Flame2/Sampled_Seperated_Dataset/FireSmokeDataset,6133,68.34,99.11,60.99,75.51,2.21,39.01,2994,27,1915,1197,0.0,0.0,0.0,0.0,0.0,0.0,0.0,0.0,0.0,0.0,0.0,0.0,4.459,0.934,2.945,8.915,1.742,1.12,0.512,7.823,23.89,8.445,10.927,50.393,0.34,0.066,0.219,1.524,30.742,9.109,15.571,62.419,FireSmokeDataset,vgg16_tensorrt_raw
resnet18,pytorch,FP32,crops,1,[1.4142],/home/malat/PycharmProjects/Flame2/Sampled_Seperated_Dataset/FireSmokeDataset,6133,98.71,99.29,99.1,99.19,2.86,0.9,4865,35,44,1189,0.215,0.025,0.185,0.613,0.005,0.005,0.003,0.385,0.032,0.007,0.024,0.201,1.788,0.816,0.84,9.317,1.026,0.799,0.488,6.484,15.413,4.514,10.139,50.471,2.289,1.92,1.061,8.981,21.955,6.007,14.179,57.729,FireSmokeDataset,resnet18_pytorch_crops1
resnet50,int8,INT8,raw,1,raw,/home/malat/PycharmProjects/Flame2/Sampled_Seperated_Dataset/FireSmokeDataset,6133,73.93,99.46,67.79,80.63,1.47,32.21,3328,18,1581,1206,0.0,0.0,0.0,0.0,0.0,0.0,0.0,0.0,0.0,0.0,0.0,0.0,4.26,1.024,2.859,9.291,0.954,0.715,0.448,6.152,6.248,1.336,5.28,15.999,0.26,0.062,0.202,1.304,11.972,2.49,9.376,25.954,FireSmokeDataset,resnet50_int8_raw
alexnet,int8,INT8,crops,1,[1.4142],/home/malat/PycharmProjects/Flame2/Sampled_Seperated_Dataset/FireSmokeDataset,6133,98.48,98.86,99.25,99.05,4.58,0.75,4872,56,37,1168,0.208,0.03,0.181,0.819,0.004,0.002,0.002,0.089,0.03,0.007,0.023,0.234,1.654,0.702,0.817,6.566,0.828,0.592,0.481,5.792,4.497,0.751,4.045,9.527,0.227,0.041,0.197,0.872,7.655,1.574,6.117,17.76,FireSmokeDataset,alexnet_int8_crops1
resnet18,int8,INT8,crops,3,"[1.2247, 1.4142, 2.0]",/home/malat/PycharmProjects/Flame2/Sampled_Seperated_Dataset/FireSmokeDataset,6133,98.63,99.06,99.23,99.15,3.76,0.77,4871,46,38,1178,0.216,0.041,0.189,1.076,0.004,0.003,0.002,0.116,0.048,0.01,0.038,0.382,4.618,2.116,1.846,20.125,1.785,1.381,0.781,11.845,4.814,1.139,4.041,12.297,0.24,0.052,0.2,1.116,12.142,3.866,7.926,31.464,FireSmokeDataset,resnet18_int8_crops3
alexnet,tensorrt,FP16,crops,3,"[1.2247, 1.4142, 2.0]",/home/malat/PycharmProjects/Flame2/Sampled_Seperated_Dataset/FireSmokeDataset,6133,98.21,98.45,99.33,98.88,6.29,0.67,4876,77,33,1147,0.21,0.021,0.186,0.563,0.005,0.002,0.003,0.107,0.047,0.008,0.038,0.181,3.684,1.527,1.82,14.305,1.135,0.544,0.763,6.144,7.457,0.662,6.942,19.166,0.231,0.021,0.204,0.624,13.156,1.995,10.671,32.962,FireSmokeDataset,alexnet_tensorrt_crops3
vgg16,tensorrt,FP16,crops,3,"[1.2247, 1.4142, 2.0]",/home/malat/PycharmProjects/Flame2/Sampled_Seperated_Dataset/FireSmokeDataset,6133,98.43,99.24,98.8,99.02,3.02,1.2,4850,37,59,1187,0.278,0.038,0.198,0.929,0.006,0.002,0.004,0.098,0.073,0.02,0.042,0.614,5.987,2.738,2.191,17.967,3.058,2.298,0.924,11.196,31.307,7.811,19.991,61.296,0.342,0.057,0.231,1.398,41.583,9.275,24.616,72.938,FireSmokeDataset,vgg16_tensorrt_crops3
resnet50,pytorch,FP32,raw,1,raw,/home/malat/PycharmProjects/Flame2/Sampled_Seperated_Dataset/FireSmokeDataset,6133,72.79,99.45,66.37,79.61,1.47,33.63,3258,18,1651,1206,0.0,0.0,0.0,0.0,0.0,0.0,0.0,0.0,0.0,0.0,0.0,0.0,3.559,0.648,2.919,8.849,0.9,0.675,0.458,5.705,25.935,5.507,21.185,261.394,1.49,0.874,1.076,7.712,33.675,6.251,27.854,274.289,FireSmokeDataset,resnet50_pytorch_raw
alexnet,int8,INT8,raw,1,raw,/home/malat/PycharmProjects/Flame2/Sampled_Seperated_Dataset/FireSmokeDataset,6133,84.58,97.51,82.85,89.58,8.5,17.15,4067,104,842,1120,0.0,0.0,0.0,0.0,0.0,0.0,0.0,0.0,0.0,0.0,0.0,0.0,3.339,0.505,2.874,7.917,0.653,0.402,0.465,3.799,4.38,0.46,4.028,9.815,0.223,0.021,0.201,0.847,8.823,1.019,8.03,18.324,FireSmokeDataset,alexnet_int8_raw
vgg16,pytorch,FP32,crops,3,"[1.2247, 1.4142, 2.0]",/home/malat/PycharmProjects/Flame2/Sampled_Seperated_Dataset/FireSmokeDataset,6133,98.43,99.24,98.8,99.02,3.02,1.2,4850,37,59,1187,0.289,0.043,0.205,1.429,0.006,0.003,0.004,0.109,0.076,0.019,0.043,0.56,6.988,3.149,2.257,30.78,3.987,2.591,0.887,23.027,84.478,10.757,73.166,137.808,2.418,0.853,1.25,8.607,99.918,13.413,81.872,173.203,FireSmokeDataset,vgg16_pytorch_crops3
resnet18,tensorrt,FP16,crops,3,"[1.2247, 1.4142, 2.0]",/home/malat/PycharmProjects/Flame2/Sampled_Seperated_Dataset/FireSmokeDataset,6133,98.57,99.06,99.14,99.1,3.76,0.86,4867,46,42,1178,0.244,0.063,0.178,0.924,0.005,0.002,0.002,0.085,0.053,0.018,0.04,0.694,4.881,2.35,1.783,17.962,1.913,1.477,0.783,9.859,8.208,1.813,4.336,18.455,0.271,0.07,0.205,1.243,16.018,4.68,8.424,37.21,FireSmokeDataset,resnet18_tensorrt_crops3
vgg16,int8,INT8,crops,1,[1.4142],/home/malat/PycharmProjects/Flame2/Sampled_Seperated_Dataset/FireSmokeDataset,6133,98.58,99.47,98.76,99.11,2.12,1.24,4848,26,61,1198,0.235,0.046,0.185,2.429,0.005,0.002,0.003,0.051,0.035,0.01,0.024,0.401,1.965,0.847,0.916,5.807,1.222,1.0,0.533,7.409,12.319,3.109,5.943,31.791,0.283,0.053,0.205,1.065,16.306,4.201,8.233,45.858,FireSmokeDataset,vgg16_int8_crops1
resnet34,pytorch,FP32,crops,3,"[1.2247, 1.4142, 2.0]",/home/malat/PycharmProjects/Flame2/Sampled_Seperated_Dataset/FireSmokeDataset,6133,97.55,98.33,98.61,98.47,6.7,1.39,4841,82,68,1142,0.225,0.026,0.195,0.622,0.005,0.008,0.003,0.598,0.051,0.012,0.042,0.417,5.034,2.318,2.046,18.046,2.211,1.852,0.809,13.974,31.301,4.679,25.807,51.267,1.657,0.809,1.163,7.979,42.256,7.385,32.235,79.353,FireSmokeDataset,resnet34_pytorch_crops3
resnet34,tensorrt,FP16,crops,3,"[1.2247, 1.4142, 2.0]",/home/malat/PycharmProjects/Flame2/Sampled_Seperated_Dataset/FireSmokeDataset,6133,97.55,98.33,98.61,98.47,6.7,1.39,4841,82,68,1142,0.308,0.077,0.194,1.872,0.006,0.003,0.003,0.124,0.066,0.032,0.042,1.475,6.164,2.981,1.906,22.838,2.391,1.682,0.803,10.988,15.187,4.488,6.417,31.063,0.385,0.113,0.217,1.551,25.045,7.049,10.774,51.623,FireSmokeDataset,resnet34_tensorrt_crops3
mobilenet_v2,int8,INT8,crops,3,"[1.2247, 1.4142, 2.0]",/home/malat/PycharmProjects/Flame2/Sampled_Seperated_Dataset/FireSmokeDataset,6133,98.01,98.92,98.59,98.76,4.33,1.41,4840,53,69,1171,0.22,0.042,0.18,0.89,0.004,0.002,0.002,0.094,0.049,0.014,0.039,0.663,4.625,2.12,1.785,18.49,1.812,1.397,0.767,10.223,5.967,1.113,5.153,13.797,0.252,0.062,0.206,1.842,13.348,3.854,8.846,32.152,FireSmokeDataset,mobilenet_v2_int8_crops3
resnet18,pytorch,FP32,crops,3,"[1.2247, 1.4142, 2.0]",/home/malat/PycharmProjects/Flame2/Sampled_Seperated_Dataset/FireSmokeDataset,6133,98.57,99.06,99.14,99.1,3.76,0.86,4867,46,42,1178,0.224,0.027,0.198,1.364,0.005,0.002,0.003,0.056,0.051,0.008,0.041,0.414,4.691,2.142,1.896,21.417,1.817,1.392,0.8,10.554,25.576,6.162,15.634,46.691,1.748,0.919,1.18,7.775,35.64,7.87,21.757,64.592,FireSmokeDataset,resnet18_pytorch_crops3
resnet34,int8,INT8,raw,1,raw,/home/malat/PycharmProjects/Flame2/Sampled_Seperated_Dataset/FireSmokeDataset,6133,77.99,98.63,73.52,84.24,4.08,26.48,3609,50,1300,1174,0.0,0.0,0.0,0.0,0.0,0.0,0.0,0.0,0.0,0.0,0.0,0.0,4.029,0.989,2.892,9.727,0.968,0.722,0.468,5.275,5.088,1.09,4.282,12.305,0.254,0.067,0.199,1.38,10.586,2.254,8.358,22.51,FireSmokeDataset,resnet34_int8_raw
resnet34,int8,INT8,crops,1,[1.4142],/home/malat/PycharmProjects/Flame2/Sampled_Seperated_Dataset/FireSmokeDataset,6133,97.85,98.73,98.57,98.65,5.07,1.43,4839,62,70,1162,0.214,0.039,0.179,0.906,0.005,0.003,0.002,0.087,0.032,0.009,0.023,0.207,1.893,0.828,0.817,7.15,1.148,0.932,0.482,6.301,5.016,1.028,4.275,11.676,0.249,0.061,0.198,1.01,8.772,2.222,6.479,20.276,FireSmokeDataset,resnet34_int8_crops1
resnet18,pytorch,FP32,raw,1,raw,/home/malat/PycharmProjects/Flame2/Sampled_Seperated_Dataset/FireSmokeDataset,6133,76.78,98.85,71.83,83.2,3.35,28.17,3526,41,1383,1183,0.0,0.0,0.0,0.0,0.0,0.0,0.0,0.0,0.0,0.0,0.0,0.0,3.713,0.731,2.901,12.369,0.924,0.679,0.483,4.859,19.954,6.419,9.985,102.468,1.916,1.362,1.045,8.706,27.862,7.446,15.866,119.733,FireSmokeDataset,resnet18_pytorch_raw
alexnet,int8,INT8,crops,3,"[1.2247, 1.4142, 2.0]",/home/malat/PycharmProjects/Flame2/Sampled_Seperated_Dataset/FireSmokeDataset,6133,98.22,98.41,99.39,98.9,6.45,0.61,4879,79,30,1145,0.211,0.03,0.18,0.89,0.004,0.002,0.002,0.085,0.047,0.009,0.038,0.194,3.891,1.639,1.774,15.218,1.22,0.696,0.77,6.636,5.225,0.62,4.797,12.0,0.231,0.032,0.206,1.011,11.223,2.291,8.401,29.394,FireSmokeDataset,alexnet_int8_crops3
alexnet,pytorch,FP32,crops,1,[1.4142],/home/malat/PycharmProjects/Flame2/Sampled_Seperated_Dataset/FireSmokeDataset,6133,98.43,98.82,99.23,99.02,4.74,0.77,4871,58,38,1166,0.24,0.067,0.192,3.459,0.005,0.003,0.003,0.089,0.036,0.011,0.025,0.385,2.209,1.201,0.876,13.79,1.688,1.578,0.499,17.384,15.601,4.135,7.214,35.152,2.593,1.746,1.096,9.202,23.384,6.153,11.243,56.233,FireSmokeDataset,alexnet_pytorch_crops1
mobilenet_v2,int8,INT8,raw,1,raw,/home/malat/PycharmProjects/Flame2/Sampled_Seperated_Dataset/FireSmokeDataset,6133,82.49,98.41,79.41,87.89,5.15,20.59,3898,63,1011,1161,0.0,0.0,0.0,0.0,0.0,0.0,0.0,0.0,0.0,0.0,0.0,0.0,3.792,0.882,2.87,10.251,0.938,0.715,0.436,5.756,4.266,1.036,3.563,11.136,0.248,0.072,0.2,2.392,9.485,2.166,7.614,22.985,FireSmokeDataset,mobilenet_v2_int8_raw
mobilenet_v2,int8,INT8,crops,1,[1.4142],/home/malat/PycharmProjects/Flame2/Sampled_Seperated_Dataset/FireSmokeDataset,6133,98.16,99.04,98.66,98.85,3.84,1.34,4843,47,66,1177,0.213,0.034,0.187,0.928,0.004,0.002,0.002,0.082,0.031,0.008,0.022,0.353,1.891,0.878,0.842,14.465,1.18,0.976,0.487,5.54,4.33,1.159,3.535,11.943,0.248,0.066,0.202,1.837,8.117,2.38,5.756,25.61,FireSmokeDataset,mobilenet_v2_int8_crops1
resnet34,int8,INT8,crops,3,"[1.2247, 1.4142, 2.0]",/home/malat/PycharmProjects/Flame2/Sampled_Seperated_Dataset/FireSmokeDataset,6133,97.51,98.37,98.51,98.44,6.54,1.49,4836,80,73,1144,0.239,0.058,0.19,0.998,0.005,0.004,0.003,0.245,0.051,0.017,0.038,0.655,4.812,2.24,1.795,17.385,1.861,1.419,0.773,8.783,7.348,1.713,4.008,17.104,0.267,0.062,0.211,0.94,15.018,4.421,8.005,37.702,FireSmokeDataset,resnet34_int8_crops3
mobilenet_v2,pytorch,FP32,raw,1,raw,/home/malat/PycharmProjects/Flame2/Sampled_Seperated_Dataset/FireSmokeDataset,6133,78.3,98.67,73.88,84.5,4.0,26.12,3627,49,1282,1175,0.0,0.0,0.0,0.0,0.0,0.0,0.0,0.0,0.0,0.0,0.0,0.0,3.683,0.875,2.859,9.708,0.968,0.77,0.452,5.716,19.778,3.446,17.754,230.958,2.026,1.4,1.053,9.463,28.772,4.83,24.527,242.867,FireSmokeDataset,mobilenet_v2_pytorch_raw
resnet34,tensorrt,FP16,raw,1,raw,/home/malat/PycharmProjects/Flame2/Sampled_Seperated_Dataset/FireSmokeDataset,6133,78.28,98.75,73.8,84.47,3.76,26.2,3623,46,1286,1178,0.0,0.0,0.0,0.0,0.0,0.0,0.0,0.0,0.0,0.0,0.0,0.0,4.883,1.261,2.896,12.333,1.097,0.767,0.44,12.644,7.84,1.732,4.025,17.374,0.305,0.084,0.203,1.872,14.41,2.99,8.357,29.015,FireSmokeDataset,resnet34_tensorrt_raw
vgg16,tensorrt,FP16,crops,1,[1.4142],/home/malat/PycharmProjects/Flame2/Sampled_Seperated_Dataset/FireSmokeDataset,6133,98.5,99.43,98.7,99.06,2.29,1.3,4845,28,64,1196,0.268,0.04,0.197,1.011,0.007,0.004,0.004,0.093,0.043,0.015,0.028,0.518,2.171,0.954,0.942,6.629,1.431,1.203,0.556,6.795,22.286,7.747,10.874,48.101,0.328,0.07,0.219,1.72,26.806,8.515,13.255,57.296,FireSmokeDataset,vgg16_tensorrt_crops1
resnet50,tensorrt,FP16,crops,1,[1.4142],/home/malat/PycharmProjects/Flame2/Sampled_Seperated_Dataset/FireSmokeDataset,6133,98.79,99.69,98.8,99.24,1.23,1.2,4850,15,59,1209,0.265,0.073,0.184,2.331,0.006,0.004,0.002,0.218,0.037,0.011,0.024,0.399,2.151,1.031,0.82,14.134,1.213,0.889,0.487,6.754,9.927,2.151,4.823,23.214,0.313,0.083,0.207,1.395,14.163,3.251,7.017,31.686,FireSmokeDataset,resnet50_tensorrt_crops1
resnet50,tensorrt,FP16,crops,3,"[1.2247, 1.4142, 2.0]",/home/malat/PycharmProjects/Flame2/Sampled_Seperated_Dataset/FireSmokeDataset,6133,98.63,99.55,98.74,99.14,1.8,1.26,4847,22,62,1202,0.249,0.042,0.198,1.377,0.006,0.005,0.003,0.383,0.062,0.018,0.042,0.494,5.282,2.368,2.15,21.01,2.192,1.786,0.834,12.29,19.476,5.866,8.721,36.537,0.33,0.073,0.23,1.277,28.086,7.511,13.184,54.676,FireSmokeDataset,resnet50_tensorrt_crops3
vgg16,int8,INT8,crops,3,"[1.2247, 1.4142, 2.0]",/home/malat/PycharmProjects/Flame2/Sampled_Seperated_Dataset/FireSmokeDataset,6133,98.53,99.3,98.86,99.08,2.78,1.14,4853,34,56,1190,0.26,0.056,0.196,3.412,0.005,0.002,0.003,0.073,0.067,0.02,0.042,0.545,5.499,2.532,2.023,21.435,2.362,1.948,0.846,13.916,21.958,6.664,10.453,49.207,0.322,0.065,0.228,1.573,30.978,8.591,14.942,68.607,FireSmokeDataset,vgg16_int8_crops3
resnet18,tensorrt,FP16,raw,1,raw,/home/malat/PycharmProjects/Flame2/Sampled_Seperated_Dataset/FireSmokeDataset,6133,76.78,98.85,71.83,83.2,3.35,28.17,3526,41,1383,1183,0.0,0.0,0.0,0.0,0.0,0.0,0.0,0.0,0.0,0.0,0.0,0.0,4.471,0.934,2.878,10.547,1.745,0.88,0.456,7.62,5.07,1.07,4.343,14.06,0.251,0.054,0.196,2.701,11.782,2.257,8.356,24.887,FireSmokeDataset,resnet18_tensorrt_raw
mobilenet_v2,pytorch,FP32,crops,3,"[1.2247, 1.4142, 2.0]",/home/malat/PycharmProjects/Flame2/Sampled_Seperated_Dataset/FireSmokeDataset,6133,98.03,99.02,98.51,98.76,3.92,1.49,4836,48,73,1176,0.219,0.028,0.188,1.252,0.005,0.001,0.003,0.046,0.05,0.01,0.04,0.365,4.569,1.929,1.937,15.823,1.834,1.316,0.814,9.251,24.273,5.322,17.91,45.879,1.596,0.932,1.172,8.493,34.892,6.912,25.064,61.924,FireSmokeDataset,mobilenet_v2_pytorch_crops3
mobilenet_v2,tensorrt,FP16,crops,1,[1.4142],/home/malat/PycharmProjects/Flame2/Sampled_Seperated_Dataset/FireSmokeDataset,6133,98.08,99.08,98.51,98.79,3.68,1.49,4836,45,73,1179,0.214,0.041,0.182,1.151,0.004,0.002,0.002,0.068,0.032,0.009,0.024,0.259,1.884,0.868,0.799,8.478,1.145,0.939,0.477,5.918,4.688,1.054,3.912,12.761,0.243,0.062,0.197,1.102,8.429,2.299,6.09,21.567,FireSmokeDataset,mobilenet_v2_tensorrt_crops1
alexnet,pytorch,FP32,crops,3,"[1.2247, 1.4142, 2.0]",/home/malat/PycharmProjects/Flame2/Sampled_Seperated_Dataset/FireSmokeDataset,6133,98.21,98.45,99.33,98.88,6.29,0.67,4876,77,33,1147,0.236,0.025,0.198,1.03,0.005,0.003,0.003,0.22,0.057,0.011,0.041,0.509,4.01,1.663,2.192,19.685,1.274,0.675,0.894,8.214,21.024,5.91,9.169,40.101,1.718,0.464,1.178,10.009,29.613,6.413,15.423,51.337,FireSmokeDataset,alexnet_pytorch_crops3
mobilenet_v2,tensorrt,FP16,raw,1,raw,/home/malat/PycharmProjects/Flame2/Sampled_Seperated_Dataset/FireSmokeDataset,6133,78.25,98.72,73.78,84.45,3.84,26.22,3622,47,1287,1177,0.0,0.0,0.0,0.0,0.0,0.0,0.0,0.0,0.0,0.0,0.0,0.0,3.886,0.993,2.88,10.007,0.939,0.727,0.436,5.593,4.711,1.029,2.844,12.458,0.251,0.068,0.192,1.129,10.031,2.27,7.216,24.5,FireSmokeDataset,mobilenet_v2_tensorrt_raw
resnet18,int8,INT8,raw,1,raw,/home/malat/PycharmProjects/Flame2/Sampled_Seperated_Dataset/FireSmokeDataset,6133,77.52,98.78,72.81,83.83,3.59,27.19,3574,44,1335,1180,0.0,0.0,0.0,0.0,0.0,0.0,0.0,0.0,0.0,0.0,0.0,0.0,3.748,0.88,2.883,8.787,0.922,0.714,0.44,8.597,3.305,0.413,2.84,8.393,0.238,0.063,0.193,1.198,8.453,1.7,6.808,21.123,FireSmokeDataset,resnet18_int8_raw
resnet18,int8,INT8,crops,1,[1.4142],/home/malat/PycharmProjects/Flame2/Sampled_Seperated_Dataset/FireSmokeDataset,6133,98.84,99.35,99.21,99.28,2.61,0.79,4870,32,39,1192,0.213,0.034,0.186,0.954,0.004,0.001,0.003,0.051,0.032,0.008,0.023,0.188,1.865,0.849,0.829,10.05,1.167,0.949,0.486,6.409,3.373,0.563,2.825,8.887,0.238,0.061,0.192,1.325,7.114,1.914,4.977,19.601,FireSmokeDataset,resnet18_int8_crops1
resnet34,pytorch,FP32,crops,1,[1.4142],/home/malat/PycharmProjects/Flame2/Sampled_Seperated_Dataset/FireSmokeDataset,6133,97.93,98.7,98.72,98.71,5.23,1.28,4846,64,63,1160,0.229,0.044,0.199,2.671,0.005,0.003,0.003,0.15,0.035,0.01,0.026,0.316,2.289,1.065,0.874,11.615,1.929,1.505,0.506,14.663,24.375,4.765,18.156,112.279,1.827,1.08,1.053,7.842,32.242,6.625,22.631,125.065,FireSmokeDataset,resnet34_pytorch_crops1
resnet50,int8,INT8,crops,3,"[1.2247, 1.4142, 2.0]",/home/malat/PycharmProjects/Flame2/Sampled_Seperated_Dataset/FireSmokeDataset,6133,98.74,99.57,98.86,99.21,1.72,1.14,4853,21,56,1203,0.258,0.072,0.181,1.877,0.006,0.008,0.003,0.558,0.055,0.017,0.038,0.619,5.241,2.511,2.11,21.943,2.05,1.529,0.795,11.097,10.839,2.774,5.219,24.564,0.317,0.091,0.217,1.135,19.247,5.489,9.45,41.122,FireSmokeDataset,resnet50_int8_crops3
resnet50,pytorch,FP32,crops,3,"[1.2247, 1.4142, 2.0]",/home/malat/PycharmProjects/Flame2/Sampled_Seperated_Dataset/FireSmokeDataset,6133,98.63,99.55,98.74,99.14,1.8,1.26,4847,22,62,1202,0.218,0.022,0.192,0.691,0.004,0.002,0.003,0.09,0.05,0.009,0.04,0.37,4.892,2.117,1.905,14.99,1.935,1.471,0.812,10.873,44.95,5.523,39.066,69.588,1.634,0.687,1.2,6.43,55.809,6.817,45.734,80.926,FireSmokeDataset,resnet50_pytorch_crops3
mobilenet_v2,tensorrt,FP16,crops,3,"[1.2247, 1.4142, 2.0]",/home/malat/PycharmProjects/Flame2/Sampled_Seperated_Dataset/FireSmokeDataset,6133,98.04,99.04,98.51,98.77,3.84,1.49,4836,47,73,1177,0.232,0.054,0.18,0.941,0.005,0.002,0.003,0.11,0.051,0.017,0.04,0.613,4.721,2.185,1.814,23.653,1.823,1.404,0.782,9.943,7.962,1.802,4.263,20.189,0.263,0.059,0.21,0.821,15.485,4.405,8.292,36.649,FireSmokeDataset,mobilenet_v2_tensorrt_crops3
alexnet,tensorrt,FP16,crops,1,[1.4142],/home/malat/PycharmProjects/Flame2/Sampled_Seperated_Dataset/FireSmokeDataset,6133,98.43,98.82,99.23,99.02,4.74,0.77,4871,58,38,1166,0.21,0.028,0.181,0.642,0.005,0.005,0.002,0.35,0.031,0.009,0.023,0.396,1.596,0.63,0.82,5.445,0.762,0.451,0.489,5.889,6.475,0.647,5.953,13.712,0.225,0.019,0.196,0.459,9.508,1.189,8.229,17.625,FireSmokeDataset,alexnet_tensorrt_crops1
alexnet,pytorch,FP32,raw,1,raw,/home/malat/PycharmProjects/Flame2/Sampled_Seperated_Dataset/FireSmokeDataset,6133,84.33,97.5,82.54,89.4,8.5,17.46,4052,104,857,1120,0.0,0.0,0.0,0.0,0.0,0.0,0.0,0.0,0.0,0.0,0.0,0.0,3.649,0.591,2.931,10.182,0.795,0.506,0.522,6.26,17.65,5.519,7.447,134.378,1.663,0.481,1.08,7.58,24.885,5.839,13.991,150.357,FireSmokeDataset,alexnet_pytorch_raw
vgg16,int8,INT8,raw,1,raw,/home/malat/PycharmProjects/Flame2/Sampled_Seperated_Dataset/FireSmokeNEWdataset,1987,67.69,93.65,55.49,69.69,7.61,44.51,738,50,592,607,0.0,0.0,0.0,0.0,0.0,0.0,0.0,0.0,0.0,0.0,0.0,0.0,4.171,0.919,3.05,9.652,1.162,0.907,0.477,6.156,12.377,3.202,6.124,28.626,0.306,0.083,0.22,3.228,18.3,4.272,10.553,40.89,FireSmokeNEWdataset,vgg16_int8_raw
alexnet,tensorrt,FP16,raw,1,raw,/home/malat/PycharmProjects/Flame2/Sampled_Seperated_Dataset/FireSmokeNEWdataset,1987,79.16,90.32,77.14,83.21,16.74,22.86,1026,110,304,547,0.0,0.0,0.0,0.0,0.0,0.0,0.0,0.0,0.0,0.0,0.0,0.0,3.715,0.95,2.898,9.259,0.699,0.405,0.488,3.675,7.276,2.191,5.991,19.714,0.259,0.054,0.202,0.71,12.197,3.154,10.023,27.695,FireSmokeNEWdataset,alexnet_tensorrt_raw
resnet34,tensorrt,FP16,crops,1,[1.4142],/home/malat/PycharmProjects/Flame2/Sampled_Seperated_Dataset/FireSmokeNEWdataset,1987,94.26,92.88,99.02,95.85,15.37,0.98,1317,101,13,556,0.238,0.062,0.181,0.895,0.006,0.002,0.002,0.054,0.037,0.023,0.025,0.698,2.001,0.914,0.82,6.671,1.179,0.91,0.495,7.112,7.357,1.534,6.233,16.394,0.269,0.076,0.203,0.85,11.314,2.613,8.52,22.992,FireSmokeNEWdataset,resnet34_tensorrt_crops1
resnet50,int8,INT8,crops,1,[1.4142],/home/malat/PycharmProjects/Flame2/Sampled_Seperated_Dataset/FireSmokeNEWdataset,1987,98.14,98.28,98.95,98.61,3.5,1.05,1316,23,14,634,0.221,0.05,0.181,0.853,0.004,0.002,0.003,0.075,0.033,0.016,0.024,0.579,1.953,0.932,0.804,6.771,1.129,0.932,0.485,5.312,6.11,1.29,5.398,14.469,0.251,0.062,0.201,0.869,9.921,2.541,7.54,23.377,FireSmokeNEWdataset,resnet50_int8_crops1
resnet18,tensorrt,FP16,crops,1,[1.4142],/home/malat/PycharmProjects/Flame2/Sampled_Seperated_Dataset/FireSmokeNEWdataset,1987,97.53,97.27,99.1,98.18,5.63,0.9,1318,37,12,620,0.219,0.054,0.184,1.192,0.005,0.003,0.003,0.07,0.033,0.009,0.024,0.189,1.943,0.935,0.882,6.051,1.152,0.927,0.471,5.903,5.083,1.165,4.304,14.624,0.244,0.062,0.193,0.999,8.9,2.359,6.452,23.657,FireSmokeNEWdataset,resnet18_tensorrt_crops1
vgg16,pytorch,FP32,raw,1,raw,/home/malat/PycharmProjects/Flame2/Sampled_Seperated_Dataset/FireSmokeNEWdataset,1987,68.19,93.73,56.24,70.3,7.61,43.76,748,50,582,607,0.0,0.0,0.0,0.0,0.0,0.0,0.0,0.0,0.0,0.0,0.0,0.0,4.623,0.988,3.095,12.594,1.922,1.17,0.521,7.084,39.275,5.392,35.378,118.1,1.956,0.673,1.173,6.825,49.185,6.404,42.402,129.796,FireSmokeNEWdataset,vgg16_pytorch_raw
vgg16,pytorch,FP32,crops,1,[1.4142],/home/malat/PycharmProjects/Flame2/Sampled_Seperated_Dataset/FireSmokeNEWdataset,1987,97.28,96.77,99.25,98.0,6.7,0.75,1320,44,10,613,0.287,0.034,0.201,0.718,0.006,0.001,0.003,0.05,0.046,0.01,0.028,0.172,2.461,1.051,0.965,9.463,2.064,1.535,0.573,7.528,39.415,5.064,35.305,63.745,1.958,0.664,1.12,6.44,47.607,6.264,39.289,73.989,FireSmokeNEWdataset,vgg16_pytorch_crops1
resnet50,pytorch,FP32,crops,1,[1.4142],/home/malat/PycharmProjects/Flame2/Sampled_Seperated_Dataset/FireSmokeNEWdataset,1987,98.14,98.21,99.02,98.61,3.65,0.98,1317,24,13,633,0.211,0.019,0.184,0.402,0.004,0.001,0.003,0.042,0.032,0.005,0.024,0.098,1.838,0.83,0.795,6.63,1.031,0.802,0.481,5.322,25.359,4.31,21.148,108.515,1.418,0.826,1.039,7.047,31.607,5.058,25.684,113.783,FireSmokeNEWdataset,resnet50_pytorch_crops1
resnet50,tensorrt,FP16,raw,1,raw,/home/malat/PycharmProjects/Flame2/Sampled_Seperated_Dataset/FireSmokeNEWdataset,1987,73.98,98.22,62.26,76.21,2.28,37.74,828,15,502,642,0.0,0.0,0.0,0.0,0.0,0.0,0.0,0.0,0.0,0.0,0.0,0.0,5.274,1.306,2.973,10.536,1.224,0.795,0.479,5.626,10.924,2.751,4.963,22.319,0.352,0.09,0.21,1.083,18.092,3.979,9.413,34.042,FireSmokeNEWdataset,resnet50_tensorrt_raw
mobilenet_v2,pytorch,FP32,crops,1,[1.4142],/home/malat/PycharmProjects/Flame2/Sampled_Seperated_Dataset/FireSmokeNEWdataset,1987,97.33,96.85,99.25,98.03,6.54,0.75,1320,43,10,614,0.208,0.036,0.184,0.949,0.004,0.002,0.003,0.057,0.032,0.007,0.024,0.179,1.871,0.872,0.805,6.008,1.139,0.95,0.481,5.549,19.374,2.47,17.815,92.667,2.565,2.064,1.038,8.126,27.357,4.28,22.615,99.028,FireSmokeNEWdataset,mobilenet_v2_pytorch_crops1
resnet34,pytorch,FP32,raw,1,raw,/home/malat/PycharmProjects/Flame2/Sampled_Seperated_Dataset/FireSmokeNEWdataset,1987,78.16,93.5,72.41,81.61,10.2,27.59,963,67,367,590,0.0,0.0,0.0,0.0,0.0,0.0,0.0,0.0,0.0,0.0,0.0,0.0,3.572,0.639,2.881,7.069,0.897,0.647,0.485,5.3,26.303,4.697,18.199,59.859,1.53,0.941,1.078,6.965,33.867,5.654,24.598,72.164,FireSmokeNEWdataset,resnet34_pytorch_raw
vgg16,tensorrt,FP16,raw,1,raw,/home/malat/PycharmProjects/Flame2/Sampled_Seperated_Dataset/FireSmokeNEWdataset,1987,68.19,93.73,56.24,70.3,7.61,43.76,748,50,582,607,0.0,0.0,0.0,0.0,0.0,0.0,0.0,0.0,0.0,0.0,0.0,0.0,4.34,0.879,3.053,8.794,1.599,1.091,0.518,6.086,23.622,8.296,10.974,48.659,0.339,0.063,0.233,1.474,30.21,8.93,15.447,58.683,FireSmokeNEWdataset,vgg16_tensorrt_raw
resnet18,pytorch,FP32,crops,1,[1.4142],/home/malat/PycharmProjects/Flame2/Sampled_Seperated_Dataset/FireSmokeNEWdataset,1987,97.53,97.27,99.1,98.18,5.63,0.9,1318,37,12,620,0.214,0.023,0.193,0.665,0.004,0.001,0.002,0.045,0.032,0.007,0.024,0.194,1.773,0.836,0.837,7.522,1.02,0.874,0.481,11.691,14.575,3.634,10.074,65.574,2.132,1.863,1.028,8.073,20.951,5.259,14.074,79.591,FireSmokeNEWdataset,resnet18_pytorch_crops1
resnet50,int8,INT8,raw,1,raw,/home/malat/PycharmProjects/Flame2/Sampled_Seperated_Dataset/FireSmokeNEWdataset,1987,75.29,98.72,63.91,77.59,1.67,36.09,850,11,480,646,0.0,0.0,0.0,0.0,0.0,0.0,0.0,0.0,0.0,0.0,0.0,0.0,4.521,1.145,2.911,12.338,1.042,0.739,0.441,5.72,6.451,1.469,5.331,14.781,0.275,0.092,0.204,2.834,12.549,2.685,9.388,26.077,FireSmokeNEWdataset,resnet50_int8_raw
alexnet,int8,INT8,crops,1,[1.4142],/home/malat/PycharmProjects/Flame2/Sampled_Seperated_Dataset/FireSmokeNEWdataset,1987,94.26,92.76,99.17,95.86,15.68,0.83,1319,103,11,554,0.207,0.037,0.177,0.948,0.004,0.001,0.002,0.028,0.03,0.007,0.023,0.151,1.768,0.821,0.818,6.167,0.941,0.758,0.484,5.499,4.653,1.061,4.05,13.639,0.232,0.048,0.199,0.93,8.044,1.988,6.153,19.663,FireSmokeNEWdataset,alexnet_int8_crops1
resnet18,int8,INT8,crops,3,"[1.2247, 1.4142, 2.0]",/home/malat/PycharmProjects/Flame2/Sampled_Seperated_Dataset/FireSmokeNEWdataset,1987,96.02,95.23,99.02,97.09,10.05,0.98,1317,66,13,591,0.215,0.04,0.188,0.85,0.004,0.002,0.003,0.048,0.048,0.01,0.04,0.189,4.439,2.044,2.072,22.982,1.788,1.396,0.768,10.905,4.782,1.1,4.152,12.438,0.241,0.05,0.202,1.026,11.933,3.793,8.012,35.244,FireSmokeNEWdataset,resnet18_int8_crops3
alexnet,tensorrt,FP16,crops,3,"[1.2247, 1.4142, 2.0]",/home/malat/PycharmProjects/Flame2/Sampled_Seperated_Dataset/FireSmokeNEWdataset,1987,92.9,91.09,99.1,94.92,19.63,0.9,1318,129,12,528,0.207,0.02,0.183,0.373,0.004,0.002,0.003,0.046,0.048,0.011,0.038,0.402,3.626,1.433,2.087,12.857,1.17,0.613,0.765,6.051,7.504,0.768,6.915,17.988,0.235,0.021,0.206,0.489,13.184,2.014,11.087,29.04,FireSmokeNEWdataset,alexnet_tensorrt_crops3
vgg16,tensorrt,FP16,crops,3,"[1.2247, 1.4142, 2.0]",/home/malat/PycharmProjects/Flame2/Sampled_Seperated_Dataset/FireSmokeNEWdataset,1987,96.18,95.24,99.25,97.2,10.05,0.75,1320,66,10,591,0.277,0.038,0.2,0.876,0.006,0.002,0.004,0.076,0.075,0.019,0.042,0.44,5.739,2.679,2.19,21.134,2.936,2.283,0.93,11.045,30.825,6.12,20.165,57.511,0.344,0.058,0.249,1.256,40.724,8.116,24.751,78.637,FireSmokeNEWdataset,vgg16_tensorrt_crops3
resnet50,pytorch,FP32,raw,1,raw,/home/malat/PycharmProjects/Flame2/Sampled_Seperated_Dataset/FireSmokeNEWdataset,1987,73.98,98.22,62.26,76.21,2.28,37.74,828,15,502,642,0.0,0.0,0.0,0.0,0.0,0.0,0.0,0.0,0.0,0.0,0.0,0.0,3.437,0.613,2.827,8.475,0.873,0.641,0.452,4.826,25.662,4.659,21.037,105.124,1.482,0.853,1.086,6.603,33.201,5.389,27.318,114.528,FireSmokeNEWdataset,resnet50_pytorch_raw
alexnet,int8,INT8,raw,1,raw,/home/malat/PycharmProjects/Flame2/Sampled_Seperated_Dataset/FireSmokeNEWdataset,1987,78.56,89.44,77.07,82.79,18.42,22.93,1025,121,305,536,0.0,0.0,0.0,0.0,0.0,0.0,0.0,0.0,0.0,0.0,0.0,0.0,3.348,0.508,2.88,8.144,0.648,0.421,0.468,3.782,4.387,0.571,4.017,10.907,0.223,0.02,0.199,0.417,8.827,1.067,8.074,17.076,FireSmokeNEWdataset,alexnet_int8_raw
vgg16,pytorch,FP32,crops,3,"[1.2247, 1.4142, 2.0]",/home/malat/PycharmProjects/Flame2/Sampled_Seperated_Dataset/FireSmokeNEWdataset,1987,96.18,95.24,99.25,97.2,10.05,0.75,1320,66,10,591,0.291,0.038,0.204,0.823,0.006,0.008,0.003,0.321,0.075,0.014,0.042,0.239,5.913,2.818,2.199,16.165,3.276,2.382,0.933,12.289,82.278,6.746,73.639,105.799,2.336,0.781,1.292,7.335,95.821,8.334,82.004,122.855,FireSmokeNEWdataset,vgg16_pytorch_crops3
resnet18,tensorrt,FP16,crops,3,"[1.2247, 1.4142, 2.0]",/home/malat/PycharmProjects/Flame2/Sampled_Seperated_Dataset/FireSmokeNEWdataset,1987,96.07,95.23,99.1,97.13,10.05,0.9,1318,66,12,591,0.252,0.096,0.191,3.156,0.006,0.002,0.003,0.052,0.054,0.029,0.04,0.686,4.679,2.147,2.012,14.523,1.894,1.437,0.768,8.99,8.358,1.914,6.876,17.252,0.28,0.072,0.207,0.818,15.969,4.546,10.699,33.875,FireSmokeNEWdataset,resnet18_tensorrt_crops3
vgg16,int8,INT8,crops,1,[1.4142],/home/malat/PycharmProjects/Flame2/Sampled_Seperated_Dataset/FireSmokeNEWdataset,1987,97.43,96.99,99.25,98.1,6.24,0.75,1320,41,10,616,0.237,0.035,0.19,0.608,0.006,0.009,0.003,0.378,0.037,0.011,0.025,0.38,1.995,0.947,0.912,8.146,1.198,0.973,0.542,5.511,12.349,3.185,5.959,26.802,0.287,0.069,0.208,2.103,16.356,4.294,8.249,35.855,FireSmokeNEWdataset,vgg16_int8_crops1
resnet34,pytorch,FP32,crops,3,"[1.2247, 1.4142, 2.0]",/home/malat/PycharmProjects/Flame2/Sampled_Seperated_Dataset/FireSmokeNEWdataset,1987,93.31,91.65,99.02,95.19,18.26,0.98,1317,120,13,537,0.223,0.022,0.198,0.588,0.005,0.002,0.002,0.048,0.051,0.011,0.041,0.345,4.689,2.109,2.123,21.019,1.951,1.526,0.816,10.762,30.604,4.885,25.857,51.814,1.628,0.803,1.176,6.269,40.961,7.078,32.183,85.901,FireSmokeNEWdataset,resnet34_pytorch_crops3
resnet34,tensorrt,FP16,crops,3,"[1.2247, 1.4142, 2.0]",/home/malat/PycharmProjects/Flame2/Sampled_Seperated_Dataset/FireSmokeNEWdataset,1987,93.36,91.66,99.1,95.23,18.26,0.9,1318,120,12,537,0.311,0.081,0.191,1.045,0.006,0.004,0.003,0.119,0.065,0.024,0.04,0.653,5.852,2.767,2.158,28.022,2.334,1.67,0.85,9.543,15.229,4.329,6.429,31.14,0.386,0.116,0.226,2.548,24.72,6.83,10.974,50.046,FireSmokeNEWdataset,resnet34_tensorrt_crops3
mobilenet_v2,int8,INT8,crops,3,"[1.2247, 1.4142, 2.0]",/home/malat/PycharmProjects/Flame2/Sampled_Seperated_Dataset/FireSmokeNEWdataset,1987,96.23,95.37,99.17,97.24,9.74,0.83,1319,64,11,593,0.226,0.058,0.189,1.004,0.005,0.002,0.002,0.065,0.049,0.011,0.038,0.23,4.582,2.021,1.899,14.002,1.836,1.381,0.769,8.559,6.025,1.22,5.177,14.208,0.258,0.075,0.21,2.203,13.403,3.812,9.32,33.239,FireSmokeNEWdataset,mobilenet_v2_int8_crops3
resnet18,pytorch,FP32,crops,3,"[1.2247, 1.4142, 2.0]",/home/malat/PycharmProjects/Flame2/Sampled_Seperated_Dataset/FireSmokeNEWdataset,1987,96.12,95.3,99.1,97.16,9.89,0.9,1318,65,12,592,0.226,0.04,0.197,1.485,0.005,0.001,0.003,0.027,0.054,0.017,0.041,0.511,5.735,3.425,1.966,21.694,2.983,2.574,0.823,14.147,25.37,5.589,15.656,46.945,1.992,1.1,1.193,8.054,37.928,9.325,21.898,73.109,FireSmokeNEWdataset,resnet18_pytorch_crops3
resnet34,int8,INT8,raw,1,raw,/home/malat/PycharmProjects/Flame2/Sampled_Seperated_Dataset/FireSmokeNEWdataset,1987,77.81,93.28,72.03,81.29,10.5,27.97,958,69,372,588,0.0,0.0,0.0,0.0,0.0,0.0,0.0,0.0,0.0,0.0,0.0,0.0,4.078,0.996,2.879,11.208,0.954,0.716,0.457,4.495,5.096,1.131,4.254,11.505,0.251,0.055,0.203,0.773,10.621,2.263,8.323,22.412,FireSmokeNEWdataset,resnet34_int8_raw
resnet34,int8,INT8,crops,1,[1.4142],/home/malat/PycharmProjects/Flame2/Sampled_Seperated_Dataset/FireSmokeNEWdataset,1987,94.16,92.87,98.87,95.78,15.37,1.13,1315,101,15,556,0.21,0.043,0.18,0.945,0.004,0.002,0.003,0.045,0.032,0.007,0.024,0.104,1.906,0.878,0.815,6.913,1.129,0.92,0.49,6.891,5.077,1.196,4.316,12.726,0.242,0.053,0.197,0.972,8.817,2.346,6.43,22.626,FireSmokeNEWdataset,resnet34_int8_crops1
resnet18,pytorch,FP32,raw,1,raw,/home/malat/PycharmProjects/Flame2/Sampled_Seperated_Dataset/FireSmokeNEWdataset,1987,75.84,95.12,67.37,78.87,7.0,32.63,896,46,434,611,0.0,0.0,0.0,0.0,0.0,0.0,0.0,0.0,0.0,0.0,0.0,0.0,3.753,0.772,2.941,14.23,0.97,0.707,0.5,4.303,19.676,6.41,10.194,51.641,2.014,1.448,1.095,7.718,27.765,7.425,16.102,71.127,FireSmokeNEWdataset,resnet18_pytorch_raw
alexnet,int8,INT8,crops,3,"[1.2247, 1.4142, 2.0]",/home/malat/PycharmProjects/Flame2/Sampled_Seperated_Dataset/FireSmokeNEWdataset,1987,92.5,90.58,99.1,94.65,20.85,0.9,1318,137,12,520,0.213,0.029,0.189,0.591,0.004,0.001,0.002,0.042,0.047,0.009,0.039,0.19,3.714,1.552,2.087,20.442,1.192,0.685,0.781,6.243,5.2,0.574,4.894,14.885,0.229,0.022,0.203,0.457,10.992,2.17,8.836,28.736,FireSmokeNEWdataset,alexnet_int8_crops3
alexnet,pytorch,FP32,crops,1,[1.4142],/home/malat/PycharmProjects/Flame2/Sampled_Seperated_Dataset/FireSmokeNEWdataset,1987,94.82,93.48,99.17,96.24,14.0,0.83,1319,92,11,565,0.237,0.033,0.185,0.661,0.005,0.002,0.003,0.088,0.036,0.014,0.025,0.444,1.73,0.813,0.903,8.569,0.812,0.498,0.555,4.093,15.799,3.287,13.382,46.402,2.492,1.826,1.087,7.76,22.094,4.635,17.391,52.914,FireSmokeNEWdataset,alexnet_pytorch_crops1
mobilenet_v2,int8,INT8,raw,1,raw,/home/malat/PycharmProjects/Flame2/Sampled_Seperated_Dataset/FireSmokeNEWdataset,1987,81.68,94.07,77.52,85.0,9.89,22.48,1031,65,299,592,0.0,0.0,0.0,0.0,0.0,0.0,0.0,0.0,0.0,0.0,0.0,0.0,3.911,0.939,2.892,8.663,0.978,0.75,0.465,6.155,4.324,1.075,3.548,10.879,0.25,0.06,0.202,1.055,9.706,2.238,7.477,19.673,FireSmokeNEWdataset,mobilenet_v2_int8_raw
mobilenet_v2,int8,INT8,crops,1,[1.4142],/home/malat/PycharmProjects/Flame2/Sampled_Seperated_Dataset/FireSmokeNEWdataset,1987,96.73,96.13,99.1,97.59,8.07,0.9,1318,53,12,604,0.211,0.054,0.18,2.077,0.004,0.002,0.003,0.047,0.032,0.011,0.024,0.36,1.889,0.881,0.843,5.805,1.167,0.964,0.482,5.935,4.363,1.204,3.622,12.206,0.244,0.054,0.194,0.949,8.125,2.367,5.716,19.682,FireSmokeNEWdataset,mobilenet_v2_int8_crops1
resnet34,int8,INT8,crops,3,"[1.2247, 1.4142, 2.0]",/home/malat/PycharmProjects/Flame2/Sampled_Seperated_Dataset/FireSmokeNEWdataset,1987,93.11,91.39,99.02,95.06,18.87,0.98,1317,124,13,533,0.242,0.062,0.188,0.953,0.005,0.003,0.003,0.081,0.053,0.02,0.04,0.618,4.682,2.048,1.779,22.12,1.911,1.424,0.781,11.496,7.47,1.82,6.233,16.843,0.275,0.073,0.211,0.934,15.074,4.297,9.853,34.774,FireSmokeNEWdataset,resnet34_int8_crops3
mobilenet_v2,pytorch,FP32,raw,1,raw,/home/malat/PycharmProjects/Flame2/Sampled_Seperated_Dataset/FireSmokeNEWdataset,1987,78.11,95.25,70.83,81.24,7.15,29.17,942,47,388,610,0.0,0.0,0.0,0.0,0.0,0.0,0.0,0.0,0.0,0.0,0.0,0.0,3.713,0.853,2.856,8.191,0.998,0.819,0.433,6.063,19.415,2.625,17.579,89.383,2.217,1.742,1.041,8.03,28.686,4.318,24.305,101.173,FireSmokeNEWdataset,mobilenet_v2_pytorch_raw
resnet34,tensorrt,FP16,raw,1,raw,/home/malat/PycharmProjects/Flame2/Sampled_Seperated_Dataset/FireSmokeNEWdataset,1987,78.16,93.5,72.41,81.61,10.2,27.59,963,67,367,590,0.0,0.0,0.0,0.0,0.0,0.0,0.0,0.0,0.0,0.0,0.0,0.0,4.976,1.254,2.894,9.591,1.123,0.759,0.463,5.173,7.97,1.827,4.015,17.975,0.315,0.09,0.204,1.665,14.672,3.069,8.049,27.89,FireSmokeNEWdataset,resnet34_tensorrt_raw
vgg16,tensorrt,FP16,crops,1,[1.4142],/home/malat/PycharmProjects/Flame2/Sampled_Seperated_Dataset/FireSmokeNEWdataset,1987,97.28,96.77,99.25,98.0,6.7,0.75,1320,44,10,613,0.259,0.043,0.192,0.937,0.006,0.003,0.003,0.078,0.042,0.016,0.027,0.424,2.405,1.306,0.941,11.519,1.768,1.494,0.562,9.753,20.907,6.413,10.789,47.083,0.33,0.084,0.231,1.89,25.992,7.344,13.42,57.087,FireSmokeNEWdataset,vgg16_tensorrt_crops1
resnet50,tensorrt,FP16,crops,1,[1.4142],/home/malat/PycharmProjects/Flame2/Sampled_Seperated_Dataset/FireSmokeNEWdataset,1987,98.14,98.21,99.02,98.61,3.65,0.98,1317,24,13,633,0.266,0.07,0.176,1.072,0.005,0.002,0.002,0.037,0.039,0.011,0.025,0.147,2.264,1.16,0.835,12.03,1.247,0.896,0.486,4.822,10.102,2.357,4.86,24.017,0.319,0.081,0.21,0.9,14.498,3.503,7.104,31.035,FireSmokeNEWdataset,resnet50_tensorrt_crops1
resnet50,tensorrt,FP16,crops,3,"[1.2247, 1.4142, 2.0]",/home/malat/PycharmProjects/Flame2/Sampled_Seperated_Dataset/FireSmokeNEWdataset,1987,97.38,96.99,99.17,98.07,6.24,0.83,1319,41,11,616,0.249,0.039,0.196,0.716,0.005,0.002,0.003,0.041,0.061,0.019,0.043,0.493,4.966,2.304,2.166,26.706,2.088,1.706,0.826,10.049,19.292,5.954,8.627,40.771,0.335,0.08,0.231,1.839,27.487,7.672,13.213,64.958,FireSmokeNEWdataset,resnet50_tensorrt_crops3
vgg16,int8,INT8,crops,3,"[1.2247, 1.4142, 2.0]",/home/malat/PycharmProjects/Flame2/Sampled_Seperated_Dataset/FireSmokeNEWdataset,1987,95.82,94.76,99.25,96.95,11.11,0.75,1320,73,10,584,0.265,0.038,0.2,0.914,0.005,0.002,0.003,0.056,0.067,0.017,0.044,0.454,5.213,2.413,2.32,20.365,2.249,1.906,0.906,10.484,22.89,7.427,10.476,49.8,0.328,0.063,0.24,1.342,31.527,8.966,15.144,69.176,FireSmokeNEWdataset,vgg16_int8_crops3
resnet18,tensorrt,FP16,raw,1,raw,/home/malat/PycharmProjects/Flame2/Sampled_Seperated_Dataset/FireSmokeNEWdataset,1987,75.74,95.11,67.22,78.77,7.0,32.78,894,46,436,611,0.0,0.0,0.0,0.0,0.0,0.0,0.0,0.0,0.0,0.0,0.0,0.0,4.232,1.083,2.898,10.413,1.004,0.749,0.447,5.056,5.219,1.238,4.283,12.199,0.265,0.086,0.2,2.658,10.973,2.453,8.299,22.355,FireSmokeNEWdataset,resnet18_tensorrt_raw
mobilenet_v2,pytorch,FP32,crops,3,"[1.2247, 1.4142, 2.0]",/home/malat/PycharmProjects/Flame2/Sampled_Seperated_Dataset/FireSmokeNEWdataset,1987,96.88,96.21,99.25,97.71,7.91,0.75,1320,52,10,605,0.218,0.023,0.191,0.64,0.005,0.004,0.003,0.148,0.05,0.008,0.042,0.214,4.362,1.861,1.895,21.147,1.798,1.294,0.782,8.208,24.205,5.443,17.72,54.66,1.587,0.928,1.154,6.93,34.581,7.01,24.75,71.388,FireSmokeNEWdataset,mobilenet_v2_pytorch_crops3
mobilenet_v2,tensorrt,FP16,crops,1,[1.4142],/home/malat/PycharmProjects/Flame2/Sampled_Seperated_Dataset/FireSmokeNEWdataset,1987,97.28,96.77,99.25,98.0,6.7,0.75,1320,44,10,613,0.211,0.036,0.185,0.897,0.004,0.001,0.003,0.051,0.032,0.01,0.024,0.384,1.963,0.943,0.808,8.991,1.211,0.977,0.479,6.229,4.708,1.08,4.014,11.394,0.247,0.067,0.199,1.814,8.589,2.324,6.176,19.236,FireSmokeNEWdataset,mobilenet_v2_tensorrt_crops1
alexnet,pytorch,FP32,crops,3,"[1.2247, 1.4142, 2.0]",/home/malat/PycharmProjects/Flame2/Sampled_Seperated_Dataset/FireSmokeNEWdataset,1987,92.9,91.09,99.1,94.92,19.63,0.9,1318,129,12,528,0.244,0.035,0.202,0.932,0.005,0.002,0.003,0.053,0.058,0.01,0.042,0.187,4.49,2.286,2.137,17.532,1.764,1.478,0.931,11.077,21.418,6.429,9.223,44.03,1.917,0.819,1.267,8.042,31.203,7.918,15.569,66.849,FireSmokeNEWdataset,alexnet_pytorch_crops3
mobilenet_v2,tensorrt,FP16,raw,1,raw,/home/malat/PycharmProjects/Flame2/Sampled_Seperated_Dataset/FireSmokeNEWdataset,1987,78.01,95.24,70.68,81.14,7.15,29.32,940,47,390,610,0.0,0.0,0.0,0.0,0.0,0.0,0.0,0.0,0.0,0.0,0.0,0.0,3.958,1.017,2.896,8.657,0.961,0.765,0.461,6.318,4.75,1.081,3.954,11.833,0.258,0.072,0.203,0.949,10.17,2.338,8.044,22.541,FireSmokeNEWdataset,mobilenet_v2_tensorrt_raw
resnet18,int8,INT8,raw,1,raw,/home/malat/PycharmProjects/Flame2/Sampled_Seperated_Dataset/FireSmokeNEWdataset,1987,76.2,94.96,68.05,79.28,7.31,31.95,905,48,425,609,0.0,0.0,0.0,0.0,0.0,0.0,0.0,0.0,0.0,0.0,0.0,0.0,3.737,0.852,2.884,11.16,0.941,0.728,0.458,5.764,3.305,0.466,2.856,9.345,0.236,0.057,0.193,1.148,8.456,1.696,6.938,17.907,FireSmokeNEWdataset,resnet18_int8_raw
resnet18,int8,INT8,crops,1,[1.4142],/home/malat/PycharmProjects/Flame2/Sampled_Seperated_Dataset/FireSmokeNEWdataset,1987,97.38,97.12,99.02,98.06,5.94,0.98,1317,39,13,618,0.208,0.028,0.179,0.765,0.004,0.002,0.003,0.053,0.032,0.007,0.023,0.175,1.915,0.932,0.822,7.819,1.18,0.958,0.471,6.199,3.36,0.553,2.838,8.504,0.237,0.06,0.19,0.907,7.155,1.968,4.99,17.132,FireSmokeNEWdataset,resnet18_int8_crops1
resnet34,pytorch,FP32,crops,1,[1.4142],/home/malat/PycharmProjects/Flame2/Sampled_Seperated_Dataset/FireSmokeNEWdataset,1987,94.21,92.87,98.95,95.81,15.37,1.05,1316,101,14,556,0.209,0.02,0.181,0.542,0.004,0.001,0.003,0.013,0.033,0.011,0.025,0.399,1.759,0.827,0.856,5.407,1.02,0.798,0.515,7.041,23.735,4.224,18.406,57.783,1.438,0.844,1.058,6.605,29.626,5.451,22.784,67.046,FireSmokeNEWdataset,resnet34_pytorch_crops1
resnet50,int8,INT8,crops,3,"[1.2247, 1.4142, 2.0]",/home/malat/PycharmProjects/Flame2/Sampled_Seperated_Dataset/FireSmokeNEWdataset,1987,97.23,96.84,99.1,97.96,6.54,0.9,1318,43,12,614,0.254,0.061,0.187,0.647,0.006,0.008,0.002,0.338,0.055,0.018,0.04,0.408,4.863,2.126,1.883,21.911,1.999,1.439,0.839,11.795,10.689,2.673,5.275,23.83,0.312,0.09,0.216,1.229,18.652,4.94,10.15,39.997,FireSmokeNEWdataset,resnet50_int8_crops3
resnet50,pytorch,FP32,crops,3,"[1.2247, 1.4142, 2.0]",/home/malat/PycharmProjects/Flame2/Sampled_Seperated_Dataset/FireSmokeNEWdataset,1987,97.38,96.99,99.17,98.07,6.24,0.83,1319,41,11,616,0.227,0.024,0.2,0.564,0.004,0.001,0.003,0.044,0.052,0.012,0.042,0.394,4.801,2.024,1.87,13.402,1.996,1.505,0.85,8.786,44.932,5.54,39.064,62.334,1.663,0.741,1.205,6.972,55.792,6.842,45.719,78.673,FireSmokeNEWdataset,resnet50_pytorch_crops3
mobilenet_v2,tensorrt,FP16,crops,3,"[1.2247, 1.4142, 2.0]",/home/malat/PycharmProjects/Flame2/Sampled_Seperated_Dataset/FireSmokeNEWdataset,1987,96.88,96.21,99.25,97.71,7.91,0.75,1320,52,10,605,0.235,0.058,0.185,0.903,0.005,0.002,0.002,0.042,0.052,0.02,0.039,0.632,4.523,2.138,1.825,33.729,1.814,1.404,0.776,8.418,8.066,1.87,4.288,18.849,0.266,0.062,0.211,0.894,15.393,4.399,8.338,45.336,FireSmokeNEWdataset,mobilenet_v2_tensorrt_crops3
alexnet,tensorrt,FP16,crops,1,[1.4142],/home/malat/PycharmProjects/Flame2/Sampled_Seperated_Dataset/FireSmokeNEWdataset,1987,94.82,93.48,99.17,96.24,14.0,0.83,1319,92,11,565,0.206,0.036,0.173,0.915,0.004,0.002,0.002,0.055,0.031,0.006,0.024,0.13,1.677,0.76,0.823,7.048,0.793,0.513,0.491,3.931,6.579,0.99,6.008,14.867,0.23,0.024,0.196,0.529,9.726,1.576,8.179,24.769,FireSmokeNEWdataset,alexnet_tensorrt_crops1
alexnet,pytorch,FP32,raw,1,raw,/home/malat/PycharmProjects/Flame2/Sampled_Seperated_Dataset/FireSmokeNEWdataset,1987,79.11,90.31,77.07,83.16,16.74,22.93,1025,110,305,547,0.0,0.0,0.0,0.0,0.0,0.0,0.0,0.0,0.0,0.0,0.0,0.0,3.671,0.528,3.027,8.995,0.782,0.485,0.512,5.48,17.469,5.15,7.923,45.897,1.694,0.491,1.151,7.11,24.718,5.421,16.947,55.565,FireSmokeNEWdataset,alexnet_pytorch_raw
vgg16,int8,INT8,raw,1,raw,/home/malat/PycharmProjects/Flame2/Sampled_Seperated_Dataset/IAI_Datasets,2592,44.17,91.39,21.31,34.55,4.51,78.69,382,36,1411,763,0.0,0.0,0.0,0.0,0.0,0.0,0.0,0.0,0.0,0.0,0.0,0.0,3.997,1.251,2.886,13.791,0.997,0.807,0.437,5.157,12.0,2.582,6.02,27.808,0.257,0.061,0.198,1.17,17.495,3.842,10.679,40.587,IAI_Datasets,vgg16_int8_raw
alexnet,tensorrt,FP16,raw,1,raw,/home/malat/PycharmProjects/Flame2/Sampled_Seperated_Dataset/IAI_Datasets,2592,42.13,92.46,17.79,29.84,3.25,82.21,319,26,1474,773,0.0,0.0,0.0,0.0,0.0,0.0,0.0,0.0,0.0,0.0,0.0,0.0,3.692,1.284,2.871,15.737,0.659,0.413,0.46,4.193,6.574,0.735,6.145,12.665,0.235,0.035,0.194,0.489,11.39,1.952,10.066,24.227,IAI_Datasets,alexnet_tensorrt_raw
resnet34,tensorrt,FP16,crops,1,[1.4142],/home/malat/PycharmProjects/Flame2/Sampled_Seperated_Dataset/IAI_Datasets,2592,76.12,94.34,69.66,80.14,9.39,30.34,1249,75,544,724,0.216,0.034,0.183,0.959,0.006,0.002,0.003,0.063,0.032,0.021,0.024,0.618,2.152,1.138,0.826,14.938,1.262,1.084,0.473,6.018,7.234,1.459,6.319,16.124,0.252,0.051,0.199,0.727,11.376,2.895,8.343,31.141,IAI_Datasets,resnet34_tensorrt_crops1
resnet50,int8,INT8,crops,1,[1.4142],/home/malat/PycharmProjects/Flame2/Sampled_Seperated_Dataset/IAI_Datasets,2592,74.07,96.75,64.7,77.54,4.88,35.3,1160,39,633,760,0.215,0.035,0.188,1.04,0.005,0.002,0.003,0.067,0.032,0.006,0.026,0.145,2.324,1.279,0.844,10.504,1.35,1.159,0.489,9.993,6.153,1.2,5.291,13.645,0.256,0.062,0.199,0.904,10.56,2.895,7.521,24.095,IAI_Datasets,resnet50_int8_crops1
resnet18,tensorrt,FP16,crops,1,[1.4142],/home/malat/PycharmProjects/Flame2/Sampled_Seperated_Dataset/IAI_Datasets,2592,74.27,97.15,64.7,77.67,4.26,35.3,1160,34,633,765,0.217,0.033,0.183,1.016,0.006,0.011,0.003,0.571,0.033,0.021,0.024,0.644,2.169,0.964,0.841,7.095,1.374,1.172,0.476,8.262,5.076,1.114,4.302,13.796,0.257,0.064,0.198,0.902,9.358,2.658,6.465,23.674,IAI_Datasets,resnet18_tensorrt_crops1
vgg16,pytorch,FP32,raw,1,raw,/home/malat/PycharmProjects/Flame2/Sampled_Seperated_Dataset/IAI_Datasets,2592,46.6,92.34,24.87,39.19,4.63,75.13,446,37,1347,762,0.0,0.0,0.0,0.0,0.0,0.0,0.0,0.0,0.0,0.0,0.0,0.0,4.227,1.348,2.885,11.685,1.08,0.762,0.475,7.225,53.895,9.781,38.219,312.175,1.742,0.868,1.116,7.566,62.069,10.63,44.69,322.926,IAI_Datasets,vgg16_pytorch_raw
vgg16,pytorch,FP32,crops,1,[1.4142],/home/malat/PycharmProjects/Flame2/Sampled_Seperated_Dataset/IAI_Datasets,2592,79.48,97.09,72.5,83.01,4.88,27.5,1300,39,493,760,0.216,0.024,0.192,0.642,0.005,0.002,0.002,0.046,0.032,0.005,0.024,0.122,2.076,0.89,0.912,8.233,1.194,0.907,0.49,5.419,51.647,8.781,39.711,93.44,1.669,0.788,1.097,7.371,57.877,9.59,44.114,108.336,IAI_Datasets,vgg16_pytorch_crops1
resnet50,pytorch,FP32,crops,1,[1.4142],/home/malat/PycharmProjects/Flame2/Sampled_Seperated_Dataset/IAI_Datasets,2592,73.84,95.96,64.92,77.45,6.13,35.08,1164,49,629,750,0.22,0.034,0.194,0.97,0.005,0.003,0.003,0.142,0.033,0.006,0.025,0.102,2.107,1.01,0.868,16.246,1.228,1.031,0.487,6.857,35.085,6.388,21.758,105.336,1.54,0.77,1.108,7.807,42.114,7.654,26.823,112.11,IAI_Datasets,resnet50_pytorch_crops1
resnet50,tensorrt,FP16,raw,1,raw,/home/malat/PycharmProjects/Flame2/Sampled_Seperated_Dataset/IAI_Datasets,2592,40.93,94.86,15.45,26.57,1.88,84.55,277,15,1516,784,0.0,0.0,0.0,0.0,0.0,0.0,0.0,0.0,0.0,0.0,0.0,0.0,4.021,1.308,2.883,12.656,1.031,0.834,0.458,5.074,9.186,1.738,8.094,19.348,0.254,0.047,0.203,0.78,14.734,3.087,12.211,31.643,IAI_Datasets,resnet50_tensorrt_raw
mobilenet_v2,pytorch,FP32,crops,1,[1.4142],/home/malat/PycharmProjects/Flame2/Sampled_Seperated_Dataset/IAI_Datasets,2592,72.49,94.93,63.64,76.19,7.63,36.36,1141,61,652,738,0.222,0.038,0.188,1.139,0.005,0.001,0.003,0.016,0.032,0.012,0.025,0.594,2.138,0.997,0.881,12.266,1.268,1.081,0.493,7.119,19.022,1.938,18.024,97.346,1.545,1.103,1.077,7.659,26.571,3.885,22.96,105.237,IAI_Datasets,mobilenet_v2_pytorch_crops1
resnet34,pytorch,FP32,raw,1,raw,/home/malat/PycharmProjects/Flame2/Sampled_Seperated_Dataset/IAI_Datasets,2592,49.0,90.39,29.39,44.36,7.01,70.61,527,56,1266,743,0.0,0.0,0.0,0.0,0.0,0.0,0.0,0.0,0.0,0.0,0.0,0.0,4.153,1.61,2.897,14.046,1.015,0.797,0.476,6.889,33.273,6.196,18.149,62.452,1.703,0.782,1.088,7.447,41.88,7.474,24.626,74.154,IAI_Datasets,resnet34_pytorch_raw
vgg16,tensorrt,FP16,raw,1,raw,/home/malat/PycharmProjects/Flame2/Sampled_Seperated_Dataset/IAI_Datasets,2592,46.6,92.34,24.87,39.19,4.63,75.13,446,37,1347,762,0.0,0.0,0.0,0.0,0.0,0.0,0.0,0.0,0.0,0.0,0.0,0.0,4.179,1.221,2.868,13.567,1.138,0.824,0.463,6.071,26.12,7.03,10.697,55.997,0.365,0.083,0.205,1.073,32.073,7.957,14.892,66.883,IAI_Datasets,vgg16_tensorrt_raw
resnet18,pytorch,FP32,crops,1,[1.4142],/home/malat/PycharmProjects/Flame2/Sampled_Seperated_Dataset/IAI_Datasets,2592,74.27,97.15,64.7,77.67,4.26,35.3,1160,34,633,765,0.218,0.033,0.187,0.963,0.005,0.002,0.003,0.066,0.033,0.007,0.025,0.145,2.188,1.087,0.87,8.603,1.256,1.057,0.499,6.862,18.407,4.07,10.18,51.286,1.515,0.977,1.082,7.968,24.978,5.83,14.307,58.955,IAI_Datasets,resnet18_pytorch_crops1
resnet50,int8,INT8,raw,1,raw,/home/malat/PycharmProjects/Flame2/Sampled_Seperated_Dataset/IAI_Datasets,2592,40.47,95.29,14.67,25.42,1.63,85.33,263,13,1530,786,0.0,0.0,0.0,0.0,0.0,0.0,0.0,0.0,0.0,0.0,0.0,0.0,4.28,1.68,2.872,15.487,1.051,0.839,0.428,5.388,6.159,1.196,5.342,14.175,0.257,0.057,0.201,0.832,11.991,2.922,9.336,27.885,IAI_Datasets,resnet50_int8_raw
alexnet,int8,INT8,crops,1,[1.4142],/home/malat/PycharmProjects/Flame2/Sampled_Seperated_Dataset/IAI_Datasets,2592,76.04,96.21,68.04,79.71,6.01,31.96,1220,48,573,751,0.22,0.029,0.188,0.534,0.005,0.002,0.003,0.058,0.033,0.008,0.024,0.133,1.899,0.983,0.897,19.239,0.822,0.618,0.496,5.031,4.555,0.694,4.032,9.934,0.241,0.05,0.194,0.968,7.991,1.751,6.173,26.318,IAI_Datasets,alexnet_int8_crops1
resnet18,int8,INT8,crops,3,"[1.2247, 1.4142, 2.0]",/home/malat/PycharmProjects/Flame2/Sampled_Seperated_Dataset/IAI_Datasets,2592,72.34,94.61,63.64,76.09,8.14,36.36,1141,65,652,734,0.215,0.029,0.18,0.887,0.005,0.002,0.003,0.068,0.049,0.014,0.039,0.624,5.197,2.736,1.771,25.48,1.868,1.563,0.778,9.75,4.833,1.021,4.096,11.827,0.249,0.049,0.205,0.981,12.844,4.472,7.716,33.389,IAI_Datasets,resnet18_int8_crops3
alexnet,tensorrt,FP16,crops,3,"[1.2247, 1.4142, 2.0]",/home/malat/PycharmProjects/Flame2/Sampled_Seperated_Dataset/IAI_Datasets,2592,76.16,96.3,68.15,79.82,5.88,31.85,1222,47,571,752,0.212,0.023,0.189,0.756,0.005,0.002,0.003,0.075,0.047,0.007,0.035,0.134,4.239,2.058,1.856,20.583,1.185,0.664,0.794,6.73,7.492,0.693,7.087,13.437,0.236,0.026,0.208,0.672,13.819,2.709,11.082,33.601,IAI_Datasets,alexnet_tensorrt_crops3
vgg16,tensorrt,FP16,crops,3,"[1.2247, 1.4142, 2.0]",/home/malat/PycharmProjects/Flame2/Sampled_Seperated_Dataset/IAI_Datasets,2592,78.59,95.38,72.56,82.42,7.88,27.44,1301,63,492,736,0.22,0.031,0.192,0.66,0.005,0.002,0.003,0.08,0.049,0.012,0.04,0.397,5.037,2.42,1.826,20.651,1.888,1.507,0.773,12.317,39.696,6.218,19.94,75.388,0.31,0.065,0.216,0.8,47.63,8.015,25.522,91.442,IAI_Datasets,vgg16_tensorrt_crops3
resnet50,pytorch,FP32,raw,1,raw,/home/malat/PycharmProjects/Flame2/Sampled_Seperated_Dataset/IAI_Datasets,2592,40.97,94.88,15.5,26.65,1.88,84.5,278,15,1515,784,0.0,0.0,0.0,0.0,0.0,0.0,0.0,0.0,0.0,0.0,0.0,0.0,4.718,2.211,2.911,14.949,1.04,0.787,0.481,5.283,35.246,5.619,21.483,102.545,1.56,0.804,1.111,8.004,44.529,7.375,28.104,113.692,IAI_Datasets,resnet50_pytorch_raw
alexnet,int8,INT8,raw,1,raw,/home/malat/PycharmProjects/Flame2/Sampled_Seperated_Dataset/IAI_Datasets,2592,41.71,91.47,17.35,29.16,3.63,82.65,311,29,1482,770,0.0,0.0,0.0,0.0,0.0,0.0,0.0,0.0,0.0,0.0,0.0,0.0,3.697,1.207,2.856,18.574,0.671,0.436,0.445,4.0,4.453,0.516,3.935,8.771,0.239,0.048,0.199,0.866,9.296,1.666,8.066,25.316,IAI_Datasets,alexnet_int8_raw
vgg16,pytorch,FP32,crops,3,"[1.2247, 1.4142, 2.0]",/home/malat/PycharmProjects/Flame2/Sampled_Seperated_Dataset/IAI_Datasets,2592,78.55,95.38,72.5,82.38,7.88,27.5,1300,63,493,736,0.224,0.036,0.198,0.648,0.005,0.001,0.003,0.045,0.051,0.019,0.041,0.438,5.173,2.394,1.837,19.268,2.021,1.687,0.82,9.481,92.042,9.882,74.677,129.997,2.154,0.756,1.301,7.389,103.053,11.078,82.34,142.753,IAI_Datasets,vgg16_pytorch_crops3
resnet18,tensorrt,FP16,crops,3,"[1.2247, 1.4142, 2.0]",/home/malat/PycharmProjects/Flame2/Sampled_Seperated_Dataset/IAI_Datasets,2592,73.07,94.84,64.58,76.84,7.88,35.42,1158,63,635,736,0.215,0.031,0.187,1.154,0.005,0.001,0.003,0.016,0.048,0.009,0.04,0.218,5.305,2.643,1.777,16.035,1.979,1.555,0.783,8.274,7.893,1.46,6.963,16.444,0.248,0.04,0.207,0.693,16.131,4.74,10.737,36.184,IAI_Datasets,resnet18_tensorrt_crops3
vgg16,int8,INT8,crops,1,[1.4142],/home/malat/PycharmProjects/Flame2/Sampled_Seperated_Dataset/IAI_Datasets,2592,78.78,97.12,71.44,82.33,4.76,28.56,1281,38,512,761,0.217,0.03,0.187,0.699,0.005,0.002,0.003,0.061,0.032,0.013,0.024,0.614,2.259,1.332,0.856,11.201,1.25,1.112,0.478,6.88,12.034,2.739,5.815,27.942,0.245,0.054,0.19,0.97,16.268,4.347,11.641,37.226,IAI_Datasets,vgg16_int8_crops1
resnet34,pytorch,FP32,crops,3,"[1.2247, 1.4142, 2.0]",/home/malat/PycharmProjects/Flame2/Sampled_Seperated_Dataset/IAI_Datasets,2592,74.38,90.94,69.94,79.07,15.64,30.06,1254,125,539,674,0.22,0.032,0.191,0.923,0.004,0.001,0.003,0.033,0.05,0.011,0.041,0.431,4.904,2.346,1.864,18.035,1.766,1.386,0.812,8.009,45.519,8.613,30.939,73.215,1.899,0.786,1.237,6.985,56.197,10.236,38.463,94.72,IAI_Datasets,resnet34_pytorch_crops3
resnet34,tensorrt,FP16,crops,3,"[1.2247, 1.4142, 2.0]",/home/malat/PycharmProjects/Flame2/Sampled_Seperated_Dataset/IAI_Datasets,2592,74.34,90.93,69.88,79.03,15.64,30.12,1253,125,540,674,0.219,0.036,0.187,0.985,0.005,0.003,0.003,0.063,0.05,0.023,0.041,0.688,5.104,2.599,1.805,16.411,1.845,1.475,0.802,9.808,12.336,2.388,6.59,28.201,0.262,0.058,0.212,0.833,20.243,5.271,14.777,46.64,IAI_Datasets,resnet34_tensorrt_crops3
mobilenet_v2,int8,INT8,crops,3,"[1.2247, 1.4142, 2.0]",/home/malat/PycharmProjects/Flame2/Sampled_Seperated_Dataset/IAI_Datasets,2592,67.75,89.91,60.12,72.06,15.14,39.88,1078,121,715,678,0.217,0.029,0.189,0.876,0.005,0.002,0.003,0.057,0.049,0.019,0.04,0.677,5.114,2.487,1.749,16.334,1.87,1.467,0.779,9.151,5.924,1.021,5.122,13.148,0.254,0.044,0.207,0.819,13.858,4.178,8.958,33.936,IAI_Datasets,mobilenet_v2_int8_crops3
resnet18,pytorch,FP32,crops,3,"[1.2247, 1.4142, 2.0]",/home/malat/PycharmProjects/Flame2/Sampled_Seperated_Dataset/IAI_Datasets,2592,73.03,94.76,64.58,76.82,8.01,35.42,1158,64,635,735,0.224,0.035,0.199,0.974,0.005,0.002,0.003,0.05,0.05,0.016,0.042,0.674,7.855,2.719,2.013,24.652,4.74,2.006,0.835,14.941,31.811,5.908,15.796,64.109,2.322,0.927,1.227,13.605,48.657,8.221,22.436,99.318,IAI_Datasets,resnet18_pytorch_crops3
resnet34,int8,INT8,raw,1,raw,/home/malat/PycharmProjects/Flame2/Sampled_Seperated_Dataset/IAI_Datasets,2592,48.11,90.73,27.83,42.59,6.38,72.17,499,51,1294,748,0.0,0.0,0.0,0.0,0.0,0.0,0.0,0.0,0.0,0.0,0.0,0.0,4.393,1.741,2.88,14.305,1.063,0.839,0.463,4.951,5.065,1.018,4.322,12.165,0.258,0.062,0.202,1.172,11.029,2.812,8.34,26.07,IAI_Datasets,resnet34_int8_raw
resnet34,int8,INT8,crops,1,[1.4142],/home/malat/PycharmProjects/Flame2/Sampled_Seperated_Dataset/IAI_Datasets,2592,75.54,94.54,68.6,79.51,8.89,31.4,1230,71,563,728,0.216,0.029,0.185,0.962,0.005,0.003,0.003,0.074,0.032,0.006,0.025,0.115,2.175,0.981,0.839,6.637,1.359,1.157,0.482,7.661,5.089,1.064,4.247,11.725,0.258,0.063,0.195,0.895,9.359,2.643,6.369,21.151,IAI_Datasets,resnet34_int8_crops1
resnet18,pytorch,FP32,raw,1,raw,/home/malat/PycharmProjects/Flame2/Sampled_Seperated_Dataset/IAI_Datasets,2592,36.88,86.51,10.37,18.53,3.63,89.63,186,29,1607,770,0.0,0.0,0.0,0.0,0.0,0.0,0.0,0.0,0.0,0.0,0.0,0.0,3.906,0.947,2.899,11.825,1.132,0.898,0.46,7.436,19.038,5.081,10.073,51.375,1.639,1.238,1.05,9.33,27.086,7.109,15.987,67.191,IAI_Datasets,resnet18_pytorch_raw
alexnet,int8,INT8,crops,3,"[1.2247, 1.4142, 2.0]",/home/malat/PycharmProjects/Flame2/Sampled_Seperated_Dataset/IAI_Datasets,2592,76.0,96.21,67.99,79.67,6.01,32.01,1219,48,574,751,0.211,0.019,0.19,0.381,0.004,0.001,0.003,0.048,0.047,0.007,0.039,0.121,4.089,1.84,1.811,17.209,1.159,0.638,0.81,7.015,5.255,0.505,4.899,10.373,0.239,0.04,0.205,0.893,11.39,2.48,8.885,27.31,IAI_Datasets,alexnet_int8_crops3
alexnet,pytorch,FP32,crops,1,[1.4142],/home/malat/PycharmProjects/Flame2/Sampled_Seperated_Dataset/IAI_Datasets,2592,76.23,96.52,68.1,79.86,5.51,31.9,1221,44,572,755,0.221,0.035,0.184,0.973,0.005,0.002,0.003,0.048,0.032,0.007,0.023,0.114,1.91,0.929,0.899,9.07,0.83,0.602,0.484,5.254,14.286,1.178,13.584,33.916,1.338,0.438,1.014,3.591,19.583,2.348,17.266,39.437,IAI_Datasets,alexnet_pytorch_crops1
mobilenet_v2,int8,INT8,raw,1,raw,/home/malat/PycharmProjects/Flame2/Sampled_Seperated_Dataset/IAI_Datasets,2592,39.89,80.84,17.18,28.33,9.14,82.82,308,73,1485,726,0.0,0.0,0.0,0.0,0.0,0.0,0.0,0.0,0.0,0.0,0.0,0.0,4.245,1.534,2.86,18.18,1.05,0.821,0.454,5.157,4.28,1.027,3.682,11.154,0.259,0.07,0.205,1.009,10.076,2.648,7.587,27.196,IAI_Datasets,mobilenet_v2_int8_raw
mobilenet_v2,int8,INT8,crops,1,[1.4142],/home/malat/PycharmProjects/Flame2/Sampled_Seperated_Dataset/IAI_Datasets,2592,70.68,95.51,60.46,74.04,6.38,39.54,1084,51,709,748,0.215,0.024,0.189,0.506,0.005,0.002,0.003,0.052,0.031,0.005,0.023,0.109,2.198,1.146,0.832,9.625,1.294,1.094,0.472,5.869,4.298,1.046,3.583,10.971,0.26,0.07,0.197,1.011,8.523,2.596,5.679,20.258,IAI_Datasets,mobilenet_v2_int8_crops1
resnet34,int8,INT8,crops,3,"[1.2247, 1.4142, 2.0]",/home/malat/PycharmProjects/Flame2/Sampled_Seperated_Dataset/IAI_Datasets,2592,73.38,90.76,68.49,78.07,15.64,31.51,1228,125,565,674,0.216,0.025,0.189,0.454,0.005,0.002,0.003,0.054,0.048,0.008,0.04,0.142,5.141,2.498,1.785,22.387,1.839,1.487,0.767,10.271,7.044,1.312,6.184,15.119,0.256,0.042,0.217,0.589,14.968,4.274,10.0,34.997,IAI_Datasets,resnet34_int8_crops3
mobilenet_v2,pytorch,FP32,raw,1,raw,/home/malat/PycharmProjects/Flame2/Sampled_Seperated_Dataset/IAI_Datasets,2592,40.32,82.37,17.46,28.81,8.39,82.54,313,67,1480,732,0.0,0.0,0.0,0.0,0.0,0.0,0.0,0.0,0.0,0.0,0.0,0.0,4.102,1.401,2.893,14.681,1.026,0.811,0.474,5.51,18.949,1.912,17.901,91.875,1.545,1.072,1.09,7.982,28.021,3.826,24.79,106.132,IAI_Datasets,mobilenet_v2_pytorch_raw
resnet34,tensorrt,FP16,raw,1,raw,/home/malat/PycharmProjects/Flame2/Sampled_Seperated_Dataset/IAI_Datasets,2592,48.96,90.24,29.39,44.34,7.13,70.61,527,57,1266,742,0.0,0.0,0.0,0.0,0.0,0.0,0.0,0.0,0.0,0.0,0.0,0.0,4.215,1.635,2.892,14.015,1.006,0.809,0.44,4.859,7.257,1.392,6.425,15.941,0.255,0.055,0.201,0.863,12.976,3.057,10.4,29.995,IAI_Datasets,resnet34_tensorrt_raw
vgg16,tensorrt,FP16,crops,1,[1.4142],/home/malat/PycharmProjects/Flame2/Sampled_Seperated_Dataset/IAI_Datasets,2592,79.44,97.09,72.45,82.98,4.88,27.55,1299,39,494,760,0.224,0.051,0.184,0.975,0.005,0.013,0.003,0.638,0.033,0.007,0.025,0.114,2.287,1.056,0.837,11.092,1.481,1.201,0.474,8.408,26.474,7.204,10.634,61.114,0.367,0.085,0.212,1.256,31.112,8.235,13.003,68.357,IAI_Datasets,vgg16_tensorrt_crops1
resnet50,tensorrt,FP16,crops,1,[1.4142],/home/malat/PycharmProjects/Flame2/Sampled_Seperated_Dataset/IAI_Datasets,2592,73.88,95.96,64.97,77.49,6.13,35.03,1165,49,628,750,0.217,0.041,0.187,1.198,0.005,0.001,0.003,0.041,0.032,0.006,0.024,0.093,2.083,1.065,0.829,16.668,1.181,1.042,0.478,6.234,9.147,1.757,7.978,19.715,0.248,0.041,0.2,0.585,13.14,3.181,10.174,30.537,IAI_Datasets,resnet50_tensorrt_crops1
resnet50,tensorrt,FP16,crops,3,"[1.2247, 1.4142, 2.0]",/home/malat/PycharmProjects/Flame2/Sampled_Seperated_Dataset/IAI_Datasets,2592,71.45,91.36,64.86,75.86,13.77,35.14,1163,110,630,689,0.215,0.035,0.186,0.988,0.005,0.001,0.003,0.018,0.049,0.009,0.042,0.212,5.336,2.612,1.821,20.085,1.942,1.562,0.786,8.339,17.243,3.937,8.592,38.008,0.306,0.097,0.213,1.598,25.536,6.573,12.806,54.668,IAI_Datasets,resnet50_tensorrt_crops3
vgg16,int8,INT8,crops,3,"[1.2247, 1.4142, 2.0]",/home/malat/PycharmProjects/Flame2/Sampled_Seperated_Dataset/IAI_Datasets,2592,77.74,95.24,71.39,81.61,8.01,28.61,1280,64,513,735,0.217,0.032,0.189,0.835,0.005,0.002,0.003,0.057,0.048,0.009,0.04,0.221,5.289,2.712,1.844,19.163,1.842,1.448,0.779,11.128,22.808,5.121,10.388,47.494,0.349,0.08,0.209,0.934,31.001,7.39,14.474,63.706,IAI_Datasets,vgg16_int8_crops3
resnet18,tensorrt,FP16,raw,1,raw,/home/malat/PycharmProjects/Flame2/Sampled_Seperated_Dataset/IAI_Datasets,2592,36.88,86.51,10.37,18.53,3.63,89.63,186,29,1607,770,0.0,0.0,0.0,0.0,0.0,0.0,0.0,0.0,0.0,0.0,0.0,0.0,4.276,1.66,2.868,13.887,1.047,0.856,0.447,6.124,5.03,1.011,4.324,11.755,0.257,0.066,0.198,0.987,10.855,2.804,8.362,26.149,IAI_Datasets,resnet18_tensorrt_raw
mobilenet_v2,pytorch,FP32,crops,3,"[1.2247, 1.4142, 2.0]",/home/malat/PycharmProjects/Flame2/Sampled_Seperated_Dataset/IAI_Datasets,2592,69.68,89.8,63.36,74.3,16.15,36.64,1136,129,657,670,0.221,0.038,0.194,1.114,0.005,0.002,0.003,0.055,0.05,0.009,0.041,0.158,5.284,2.38,1.898,24.274,2.025,1.563,0.811,8.142,28.67,5.469,18.142,52.512,1.583,0.866,1.207,8.047,40.488,7.713,25.275,72.132,IAI_Datasets,mobilenet_v2_pytorch_crops3
mobilenet_v2,tensorrt,FP16,crops,1,[1.4142],/home/malat/PycharmProjects/Flame2/Sampled_Seperated_Dataset/IAI_Datasets,2592,72.49,94.93,63.64,76.19,7.63,36.36,1141,61,652,738,0.216,0.033,0.186,1.003,0.004,0.001,0.003,0.045,0.033,0.011,0.024,0.496,2.145,1.066,0.812,16.737,1.279,1.116,0.465,5.754,4.725,1.064,3.914,12.09,0.261,0.063,0.197,0.896,8.889,2.683,6.12,24.383,IAI_Datasets,mobilenet_v2_tensorrt_crops1
alexnet,pytorch,FP32,crops,3,"[1.2247, 1.4142, 2.0]",/home/malat/PycharmProjects/Flame2/Sampled_Seperated_Dataset/IAI_Datasets,2592,76.16,96.3,68.15,79.82,5.88,31.85,1222,47,571,752,0.218,0.026,0.189,0.479,0.005,0.011,0.002,0.567,0.049,0.018,0.039,0.663,4.197,1.912,1.804,14.28,1.215,0.718,0.82,7.11,18.05,1.117,17.06,29.36,1.888,0.51,1.208,3.906,26.877,2.887,22.859,41.467,IAI_Datasets,alexnet_pytorch_crops3
mobilenet_v2,tensorrt,FP16,raw,1,raw,/home/malat/PycharmProjects/Flame2/Sampled_Seperated_Dataset/IAI_Datasets,2592,40.32,82.54,17.4,28.74,8.26,82.6,312,66,1481,733,0.0,0.0,0.0,0.0,0.0,0.0,0.0,0.0,0.0,0.0,0.0,0.0,4.059,1.216,2.895,11.129,1.028,0.816,0.447,5.017,4.679,0.938,3.986,12.308,0.261,0.062,0.201,0.901,10.272,2.379,8.039,23.141,IAI_Datasets,mobilenet_v2_tensorrt_raw
resnet18,int8,INT8,raw,1,raw,/home/malat/PycharmProjects/Flame2/Sampled_Seperated_Dataset/IAI_Datasets,2592,36.34,87.05,9.37,16.92,3.13,90.63,168,25,1625,774,0.0,0.0,0.0,0.0,0.0,0.0,0.0,0.0,0.0,0.0,0.0,0.0,3.991,1.25,2.896,15.969,0.977,0.787,0.467,4.752,3.382,0.502,2.864,8.583,0.251,0.076,0.196,1.013,8.844,2.056,6.903,22.006,IAI_Datasets,resnet18_int8_raw
resnet18,int8,INT8,crops,1,[1.4142],/home/malat/PycharmProjects/Flame2/Sampled_Seperated_Dataset/IAI_Datasets,2592,73.73,97.44,63.69,77.03,3.75,36.31,1142,30,651,769,0.218,0.035,0.189,1.117,0.004,0.002,0.002,0.065,0.032,0.006,0.023,0.108,2.131,1.128,0.843,13.755,1.215,1.044,0.493,6.5,3.367,0.558,2.941,8.821,0.246,0.071,0.189,0.976,7.436,2.24,5.052,21.057,IAI_Datasets,resnet18_int8_crops1
resnet34,pytorch,FP32,crops,1,[1.4142],/home/malat/PycharmProjects/Flame2/Sampled_Seperated_Dataset/IAI_Datasets,2592,76.16,94.34,69.72,80.18,9.39,30.28,1250,75,543,724,0.223,0.027,0.196,0.53,0.005,0.003,0.003,0.151,0.033,0.007,0.026,0.135,2.072,0.881,0.885,7.599,1.227,1.024,0.515,6.035,33.421,6.43,18.438,63.125,1.756,0.741,1.104,7.255,40.382,7.548,22.919,72.621,IAI_Datasets,resnet34_pytorch_crops1
resnet50,int8,INT8,crops,3,"[1.2247, 1.4142, 2.0]",/home/malat/PycharmProjects/Flame2/Sampled_Seperated_Dataset/IAI_Datasets,2592,71.8,92.41,64.53,75.99,11.89,35.47,1157,95,636,704,0.218,0.031,0.19,0.983,0.005,0.002,0.003,0.046,0.049,0.01,0.04,0.223,5.136,2.653,1.854,20.306,1.861,1.498,0.779,11.413,9.602,1.767,8.533,19.2,0.251,0.045,0.211,0.98,17.551,4.797,12.495,42.463,IAI_Datasets,resnet50_int8_crops3
resnet50,pytorch,FP32,crops,3,"[1.2247, 1.4142, 2.0]",/home/malat/PycharmProjects/Flame2/Sampled_Seperated_Dataset/IAI_Datasets,2592,71.49,91.37,64.92,75.9,13.77,35.08,1164,110,629,689,0.216,0.022,0.188,0.627,0.004,0.001,0.003,0.049,0.048,0.012,0.04,0.426,4.805,2.228,1.868,15.973,1.674,1.291,0.819,10.063,53.958,9.229,43.273,88.688,1.721,0.737,1.213,7.72,64.403,10.473,50.269,101.125,IAI_Datasets,resnet50_pytorch_crops3
mobilenet_v2,tensorrt,FP16,crops,3,"[1.2247, 1.4142, 2.0]",/home/malat/PycharmProjects/Flame2/Sampled_Seperated_Dataset/IAI_Datasets,2592,69.64,89.73,63.36,74.27,16.27,36.64,1136,130,657,669,0.215,0.026,0.189,0.627,0.005,0.001,0.003,0.043,0.049,0.009,0.04,0.147,5.185,2.61,1.831,16.387,1.845,1.48,0.785,10.694,7.676,1.371,6.675,17.289,0.248,0.039,0.208,0.701,15.648,4.446,10.45,35.096,IAI_Datasets,mobilenet_v2_tensorrt_crops3
alexnet,tensorrt,FP16,crops,1,[1.4142],/home/malat/PycharmProjects/Flame2/Sampled_Seperated_Dataset/IAI_Datasets,2592,76.23,96.52,68.1,79.86,5.51,31.9,1221,44,572,755,0.216,0.026,0.183,0.457,0.005,0.002,0.003,0.044,0.032,0.006,0.024,0.116,1.953,1.238,0.833,36.701,0.817,0.615,0.471,4.79,6.594,0.872,6.057,12.154,0.232,0.034,0.192,0.469,10.056,2.069,8.139,44.607,IAI_Datasets,alexnet_tensorrt_crops1
alexnet,pytorch,FP32,raw,1,raw,/home/malat/PycharmProjects/Flame2/Sampled_Seperated_Dataset/IAI_Datasets,2592,42.13,92.46,17.79,29.84,3.25,82.21,319,26,1474,773,0.0,0.0,0.0,0.0,0.0,0.0,0.0,0.0,0.0,0.0,0.0,0.0,4.165,1.471,2.908,18.355,1.093,0.89,0.451,7.763,17.283,5.81,7.204,39.834,1.917,1.385,1.077,9.376,25.498,7.895,12.955,57.752,IAI_Datasets,alexnet_pytorch_raw
